mfcc_1_mean,mfcc_1_std,mfcc_2_mean,mfcc_2_std,mfcc_3_mean,mfcc_3_std,mfcc_4_mean,mfcc_4_std,mfcc_5_mean,mfcc_5_std,mfcc_6_mean,mfcc_6_std,mfcc_7_mean,mfcc_7_std,mfcc_8_mean,mfcc_8_std,mfcc_9_mean,mfcc_9_std,mfcc_10_mean,mfcc_10_std,mfcc_11_mean,mfcc_11_std,mfcc_12_mean,mfcc_12_std,mfcc_13_mean,mfcc_13_std,delta_mfcc_1_mean,delta_mfcc_1_std,delta_mfcc_2_mean,delta_mfcc_2_std,delta_mfcc_3_mean,delta_mfcc_3_std,delta_mfcc_4_mean,delta_mfcc_4_std,delta_mfcc_5_mean,delta_mfcc_5_std,delta_mfcc_6_mean,delta_mfcc_6_std,delta_mfcc_7_mean,delta_mfcc_7_std,delta_mfcc_8_mean,delta_mfcc_8_std,delta_mfcc_9_mean,delta_mfcc_9_std,delta_mfcc_10_mean,delta_mfcc_10_std,delta_mfcc_11_mean,delta_mfcc_11_std,delta_mfcc_12_mean,delta_mfcc_12_std,delta_mfcc_13_mean,delta_mfcc_13_std,chroma_1_mean,chroma_1_std,chroma_2_mean,chroma_2_std,chroma_3_mean,chroma_3_std,chroma_4_mean,chroma_4_std,chroma_5_mean,chroma_5_std,chroma_6_mean,chroma_6_std,chroma_7_mean,chroma_7_std,chroma_8_mean,chroma_8_std,chroma_9_mean,chroma_9_std,chroma_10_mean,chroma_10_std,chroma_11_mean,chroma_11_std,chroma_12_mean,chroma_12_std,spectral_centroid_mean,spectral_centroid_std,spectral_rolloff_mean,spectral_rolloff_std,spectral_bandwidth_mean,spectral_bandwidth_std,zcr_mean,zcr_std,rms_mean,rms_std,pitch_mean,pitch_std,duration,tempo
0.0,0.0,0.10440183941802904,0.0,0.020358950359946122,0.0,0.0,0.0,0.0,0.0,0.0,0.0,0.0,0.0,0.0227979865124637,0.0,0.0,0.0,0.0,0.0,0.11377305659565407,0.009491801169476444,0.0,0.0,0.0,0.0,0.0,0.0,0.0,0.02332123087687274,0.0,0.0,0.0,0.0,0.0,0.0,0.0,0.0,0.0,0.0,0.0,0.0,0.0,0.0,0.0,0.0,0.0496260141328785,0.0,0.0,0.0,0.0,0.0,0.0,0.0,0.0,0.0,0.0,0.0,0.0,0.0,0.0,0.0,0.0,0.0,0.0,0.0,0.0,0.0,0.0,0.0,0.0,0.0,0.0,0.0,0.012766644667895677,0.0,0.000961836098182275,0.0,0.0,0.0,0.0,0.0,0.0420087730884402,0.0,0.0,0.0,0.0,0.0,0.0,0.0
0.0,0.0,-0.05702101395393481,0.0,-0.027318283333908632,0.0,0.0,0.0,0.0,-0.014528815392044444,0.0,0.0,0.0,0.0,0.0,0.0,0.0,0.0,0.0,0.0,0.0,0.0,0.0,0.0,0.0,0.0,0.0,0.0,0.0,0.0,0.0,0.0,0.0,0.0,0.0,0.0,0.0,0.0,0.0,0.0,0.0,0.0,0.0,0.0,-0.017615047794358418,0.0,-0.026450641136448558,0.0,0.0,0.0,0.0,0.0,-0.008182940342844294,0.0,0.0,0.0,0.0,0.0,0.0,0.0,0.0,0.0,-0.009207380044342493,0.0,0.0,0.0,0.0,0.0,0.0,0.0,0.0,0.0,0.0,0.0,0.0,0.0,0.0,-0.006027025397977892,0.0,0.0,0.0,0.0,0.0,0.0,-0.029011244994719652,0.0,-0.04894311659626051,0.0,0.0,0.0
0.0,0.0,0.0,0.0,0.0,0.0,0.0,-0.027911086269355144,0.0,0.0,0.0,0.0,0.0,0.0,0.0,0.0,-0.09300385261292049,0.0,0.0,0.0,0.0,0.0,0.0,0.0,0.0,-0.02215050688518062,0.0,-0.11262928959115168,0.0,0.021197796137747693,-0.006469558662661337,0.0,0.0,0.0,0.0,0.0,0.0,0.0,0.0,0.0,0.0,0.0,0.0,0.0,0.0,0.0,0.0,0.0,0.0,0.0,0.0,0.0,0.0,0.0,0.025212765897544415,0.0,0.0,0.0,0.0,0.0,0.0,0.0,0.0,0.0,0.0,0.0,0.0,0.0,0.0,0.0,0.0,0.0,0.0,0.0,0.0,0.0,-0.01861029168943377,0.0,0.0,0.0,0.0,0.0,0.0,0.0,0.0,0.0,0.032222779151907036,0.0,0.0,-0.03192730962887649
0.0,-0.03410283073324689,0.0,0.0,0.0,0.0,0.0,0.0,0.0,0.0,0.0,0.0,0.0,0.0,0.0,0.0,0.0,0.0,0.0,0.0,0.0,-0.017475837163171887,0.0,0.0,0.0,0.0,0.0,0.0,0.0,0.0,0.0,0.0,0.0,0.0,0.0,0.0,0.0,-0.04609059487340509,0.0,0.0,0.0,-0.007798959493630682,0.0,0.0,0.0,0.0,0.0,0.0,0.0,0.0,0.0,0.0,0.0,0.0,0.0,0.0,-0.014492551048014786,0.0,0.0,0.0,0.0,0.0,0.0,0.0,0.0,0.0,-0.024331816964697252,0.0,0.0,0.0,0.0,0.0,0.0,0.0,0.0,0.0,-0.02884665171636626,0.0,0.0,-0.03822734645200816,0.0,-0.009741812649279057,0.0,0.0,0.0,0.0,0.0,0.0,0.0,-0.01361900042698775
0.0,0.0,-0.02102618168822325,-0.018699104321734824,-0.02804363001819631,0.0,0.0,0.0,0.0,0.0,-0.03261109781659308,0.0,0.0,-0.02089797808338484,0.0,0.0,-0.04719436950379163,0.0,0.0,0.0,0.0,0.0,0.0,0.0,0.0,0.0,0.0,0.0,0.0,0.0,0.0,0.0,0.0,-0.01958711517014894,0.0,0.0,0.0,0.0,0.0,0.0,0.0,0.0,0.0,0.0,0.0,0.0,0.0,0.0,0.0,0.0,0.0,0.0,0.0,0.0,0.0,0.0,0.0,0.0,0.0,0.0,0.0,0.0,0.0,0.0,0.0,-0.0229903557760677,0.0,0.0,0.0,0.0,0.0,-0.021935437072226824,0.0,0.0,0.0,0.0,0.0,0.0,0.0,0.0,0.0,0.0,0.0,0.0,-0.011488134697180102,0.0,0.0,0.0,0.0,0.0
0.0,0.0,-0.037188799810363826,0.0,0.0,0.0,-0.049077855352172406,0.0,0.0,0.0,-0.020036900481353648,0.0,0.0,-0.02552525139897555,0.0,0.0,0.0,0.0,0.0,-0.048317318753871824,0.0,0.0,0.0,-0.01898105291012491,0.0,0.0,0.0,0.0,0.0,0.0,0.0,0.0,0.0,0.0,0.0,0.0,0.0,0.0,0.0,0.0,0.0,0.0,0.0,0.0,0.0,0.0,0.0,0.0,0.0,0.0,0.0,0.0,0.0,0.0,0.0,0.0,0.0,-0.02167927761925981,0.0,0.0,0.0,0.0,0.0,0.0,0.0,0.0,0.0,-0.03599682186698678,0.020474853093784596,0.0,0.0,0.0,0.0,0.0,0.0,0.0,0.0,0.0,0.0,0.0,0.0,0.0,0.0,0.0,0.0,0.0,0.0,0.0,0.0,-0.015036066024988037
0.0,0.0,0.0,-0.02224814270708966,0.0,0.0,0.0,0.0,0.0,0.0,-0.0345177264778192,0.0,-0.018696728930623085,0.0,-0.025662039177754302,0.0,0.0,0.0,0.0,0.0,-0.032100582975324095,-0.022180819062642243,0.0,0.0,0.0,0.0,0.0,0.0,0.0,0.0,-0.03981774605992225,0.0,-0.013226638605042598,0.0,0.0,0.0,0.0,0.0,-0.02037287055197429,0.0,0.0,0.0,0.0,0.0,0.0,0.0,0.0,0.0,0.0,0.0,0.0,0.0,0.0,0.0,0.0,0.0,0.0,0.0,0.0,-0.01463847256962772,0.0,0.0,0.0,0.0,0.0,0.0,0.0,0.0,0.0,0.0,0.0,0.0,0.0,0.0,0.0,0.0,0.0,0.0,0.0,0.0,0.0,0.0,0.0,0.0,0.0,0.0,0.0,0.0,0.0,0.0
0.0,0.0,0.0,0.0,0.0,0.0,0.0,0.0,0.0,0.0,0.0,0.0,0.0,-0.010490411611955531,0.0,0.0,0.0,0.0,0.0,0.0,0.0,0.0,0.0,-0.006726768833346136,0.0,-0.004582769854998884,0.0,0.0,0.0,-0.005807440543393852,0.0,0.0,-0.02667573002168673,0.0,0.0,0.0,0.0,0.0,-0.021572989691222892,0.0,0.0,0.0,0.0,0.0,-0.030397716871106026,0.0,-0.028732393757488123,0.0,0.0,0.0,0.0,0.0,0.0,0.0,-0.01288190010196913,0.0,-0.011168504961834509,0.0,0.0,0.0,0.0,0.0,0.0,0.0,0.0,0.0,0.0,0.0,0.0,0.0,0.0,0.0,0.0,0.0,0.0,0.0,0.0,0.0,0.0,0.0,0.0,0.0,0.0,0.0,0.0,0.0,0.0,0.0,0.0,0.0
0.0,0.0,-0.044611158692063085,0.0,-0.03653844007268272,0.0,0.0,0.0,-0.05333534558846251,0.0,0.0,0.0,-0.027504247986064104,0.0,0.0,0.0,0.0,0.0,0.0,0.0,-0.029762800381091723,0.0,0.0,0.0,0.0,0.0,0.0,-0.00197854510869821,0.0,0.0,-0.008661391502367388,0.0,0.0,0.0,0.0,0.0,0.0,0.0,0.0,0.0,0.0,0.0,0.0,0.0,0.0,-0.016082338555511944,0.0,0.0,0.0,0.0,0.0,0.0,0.0,0.0,0.0,0.0,0.0,0.0,0.0,0.0,0.0,0.0,0.0,0.0,0.0,0.0,0.0,0.0,0.0,0.0,-0.010719863526150666,0.0,0.0,0.0,0.0,0.0,0.0,0.0,0.0,0.0,0.0,0.0,0.0,0.0,-0.02131300899356664,0.0,0.0,0.0,0.0,0.0
0.0,0.0,0.0,-0.02232812818106199,0.0,0.0,0.0,0.0,-0.02924246679365586,0.0,0.0,-0.027720053583385477,-0.022917552793660152,0.0,0.0,-0.04764133094899258,0.0,0.0,-0.013699125904603811,0.0,0.0,0.0,0.0,0.0,0.0,0.0,0.0,0.0,0.0005880851937510533,0.0,0.0,0.0,0.0,0.0,0.0,0.0,0.0,-0.02483572804019612,0.0,0.0,0.0,0.0,0.0,0.0,0.0,0.0,-0.04478623142259183,0.0,0.0,0.0,0.0,0.0,0.0,0.0,0.0,0.0,0.0,0.0,0.0,0.0,0.0,0.0,0.0,0.0,0.0,0.0,0.0,0.0,0.0,0.0,0.0,0.0,-0.015925957746039377,0.0,0.0,0.0,0.0,0.0,0.0,0.0,0.0,0.0,0.0,0.0,0.0,0.0,0.0,0.0,0.0,0.0
-0.004316366251207215,0.0,-0.033682359646727965,0.0,0.0,0.0,0.0,-0.031246562669955943,-0.028458273392666458,0.0,0.0,0.0,0.0,0.0,-0.024595038753527965,0.0,-0.021875597702422117,0.0,0.0,0.0,-0.03123050008768049,0.0,0.0,0.0,0.0,0.0,0.0,0.0,0.0,0.0,0.0,0.0,0.0,0.0,0.0,0.0,0.0,0.0,0.0,0.0,0.0,0.0,0.0,0.0,0.0,-0.016457947471155573,0.0,0.0,0.0,0.0,0.0,-0.03660675097073448,0.0,0.0,0.0,0.0,0.0,0.0,0.0,0.0,0.0,0.0,0.0,0.0,0.0,0.0,-0.02073677360214991,0.0,0.0,0.0,0.0,0.0,0.0,0.0,0.0,0.0,0.0,0.0,0.0,0.0,0.0,0.0,0.0,0.0,0.0,0.0,0.0,0.0,0.0,0.0
0.0,0.022605482295681115,0.04513885072304645,0.0,-0.08812380468620218,0.0,0.0,0.0,0.0,0.0,0.0,0.0,0.0,0.0,0.0,0.0,0.0,0.0,0.0,0.0,0.06568364106065426,0.0,0.0,0.0,0.0,0.0,0.0,-0.021122477318451374,0.0,0.0,0.049288028160074625,0.0,0.0,0.0,-0.012493764261426465,0.0,0.0,0.0,0.0,0.0,0.0,0.0,0.0,0.0,0.0,0.0,0.0,0.0,0.0,0.0,0.0,0.0,0.0,0.0,0.06840055751674698,0.0,0.0,0.0,0.0,0.0,0.0,0.0,0.0,0.0,0.0,0.0,0.0,0.0,0.0,0.0,0.0,0.0,0.05234632572710007,0.0,0.0,0.0,0.0,0.0,0.0,0.0,0.0,0.0,0.0,0.0,0.0,0.0,0.0,0.0,0.0,0.03355801433523284
0.0,0.0,-0.04178849760946563,0.0,0.0,0.0,-0.033091950332695165,0.0,-0.038551632286080065,0.0,0.0,0.0,0.0,-0.01224793091177624,0.0,0.0,0.0,0.0,0.0,0.0,0.0,0.0,0.0,0.0,0.0,0.0,0.0,0.0,0.0,0.0,0.0,0.0,0.0,0.0,-0.023528633308473212,0.0,0.0,0.0,0.0,0.0,0.0,0.0,0.0,0.0,0.0,0.0,0.0,0.0,0.0,-0.024588750229488792,0.0,-0.029787519406471445,0.0,-0.021115850587335075,0.0,0.0,0.0,0.0,0.0,0.0,0.0,0.0,0.0,0.0,0.0,0.0,0.0,0.0,0.0,0.0,0.0,0.0,0.0,0.0,0.0,0.0,0.0,0.0,0.0,0.0,0.0,0.0,-0.01464049456751948,0.0,0.0,0.0,0.0,0.0,-0.010759023930799048,0.0
0.0,0.0,-0.06624666203010227,-0.02889594729872489,-0.019392359247148033,0.0,-0.02800270434139147,0.0,0.0,0.0,0.0,0.0,0.0,0.0,0.0,0.0,-0.02834051207907872,0.0,0.0,0.0,-0.010456363858223877,-0.018429370963622772,0.0,0.0,0.0,0.0,0.0,0.0,-0.0033661099259807564,0.0,0.0,0.0,0.0,0.0,0.0,0.0,0.0,0.0,0.0,0.0,0.0,0.0,0.0,0.0,0.0,0.0,0.0,0.0,0.0,0.0,0.0,-0.037110914756527016,0.0,0.0,0.0,0.0,0.0,0.0,0.0,0.0,0.0,0.0,0.0,0.0,0.0,0.0,0.0,0.0,0.0,0.0,0.0,0.0,0.0,0.0,0.0,0.0,0.0,0.0,0.0,0.0,0.0,0.0,0.0,0.0,0.0,0.0,-0.008622034349226678,0.0,0.0,0.0
0.0,0.0,-0.019164345553568593,0.0,0.0,0.0,0.0,0.0,0.0,0.0,0.0,0.0,0.0,0.0,0.0,0.0,0.0,0.0,0.0,0.0,0.0,0.0,0.0,0.0,0.0,0.0,0.0,0.0,0.0,0.0,0.0,0.0,0.0,-0.026787269248624988,0.0,-0.049327431350980167,0.0,0.0,0.0,0.0,0.0,0.0,0.0,0.0,0.0,-0.014251774437203955,0.0,0.0,0.0,0.0,0.0,0.0,0.0,0.0,0.0,0.0,0.0,-0.012614579420158692,0.0,0.0,0.0,0.0,0.0,0.0,-0.02893917346408731,0.0,0.0,0.0,0.0,0.0,0.0,0.0,0.0,0.0,0.0,0.0,0.0,-0.007524516641867103,0.0,0.0,0.0,0.0,0.0,-0.026725369493817843,0.0,0.0,-0.022265765442283078,0.0,-0.035788004504077923,0.0
0.0,0.0,-0.02888145311552426,0.0,0.0,0.0,0.0,0.0,0.0,0.0,-0.023872316460825056,-0.02549273221316931,0.0,0.0,0.0,0.0,-0.05947874614940126,0.0,0.0,0.0,0.0,0.0,0.0,0.0,0.0,0.0,0.0,0.0,0.0,0.0,0.0,0.0,0.0,-0.02333362886029956,0.0,0.0,0.0,-0.009247974662230736,0.0,0.0,0.0,0.0,0.0,0.0,0.0,-0.021494126713502888,0.0,0.0,0.0,0.0,0.0,0.0,0.0,0.0,0.0,-0.023704455338405078,0.0,0.0,0.0,0.0,0.0,0.0,-0.03314779525265972,0.0,0.0,0.0,0.0,0.0,0.0,0.0,0.0,0.0,-0.0033405857329943944,0.0,0.0,0.0,0.0,0.0,0.0,0.0,0.0,0.0,0.0,0.0,0.0,0.0,0.0,0.0,0.0,0.0
0.0,0.0,-0.04570001330586387,0.0,0.0,0.0,-0.03195649636180674,-0.03780065086534499,0.0,0.0,0.0,0.0,0.0,-0.010718106701787144,-0.030323086025117168,0.0,-0.039264842524194474,0.0,0.0,0.0,0.0,0.0,0.0,0.0,0.0,0.0,0.0,-0.01952769521311237,0.0,0.0,0.0,0.0,0.0,0.0,0.0,0.0,0.0,0.0,0.0,-0.020108513342079,0.0,0.0,0.0,0.0,0.0,0.0,0.0,0.0,0.0,0.0,0.0,0.0,0.0,-0.005792547477624996,0.0,0.0,0.0,0.0,0.0,0.0,0.0,0.0,0.0,0.0,0.0,0.0,-0.010981091976813266,0.0,0.0,0.0,0.0,0.0,0.0,0.0,0.0,0.0,0.0,0.0,0.0,0.0,0.0,0.0,0.0,0.0,0.0,0.0,0.0,0.0,0.0,0.0
0.0,0.0,0.0,0.0,0.0,0.0,0.0,0.0,0.0,0.0,0.0,0.0,0.0,0.0,0.0,0.09932876490346344,0.0,0.0,0.020114991503788815,0.0,0.0,0.0,0.0,0.0,0.0,0.0,0.0,0.0,0.05646168089947275,0.0,0.0,0.0,0.0,0.0,0.0,0.0,0.0,0.0,0.0,0.0,0.0,0.0,0.0,0.0,0.0,0.0,0.0,0.0,0.0,0.0,0.0,0.0,0.0764299238767486,0.0,0.0,0.0,0.0,0.0,0.0,0.0,0.04488761502107531,0.0,0.0,0.0,0.0,0.0,0.0,0.0,0.0,0.0,0.0,0.07369072007156507,0.04976109320194501,0.0,0.0,0.0,0.0,0.0,0.0,0.0,0.0680771765667571,0.07950335865410484,0.0,0.06500559176480353,0.0,0.0,0.0,0.0,0.0,0.0
0.0,-0.016276708999685963,-0.03067493637219383,0.0,0.0,0.0,0.0,0.0,0.0,0.0,-0.028910180814170842,0.0,0.0,0.0,0.0,-0.020075628161193463,0.0,0.0,0.0,0.0,0.0,0.0,0.0,0.0,0.0,0.0,0.0,0.0,0.0,0.0,0.0,0.0,0.0,0.0,-0.01885905093035096,0.0,0.0,0.0,0.0,0.0,0.0,0.0,0.0,0.0,0.0,-0.018721364703177014,0.0,0.0,0.0,0.0,0.0,0.0,0.0,0.0,0.0,0.0,-0.022448654168109716,0.0,0.0,0.0,0.0,0.0,0.0,0.0,0.0,0.0,0.0,0.0,0.0,0.0,0.0,0.0,0.0,0.0,0.0,0.0,-0.04977260251815615,0.0,0.0,0.0,0.0,0.0,0.0,0.0,0.0,0.0,0.0,-0.02296790927669423,-0.01664177550173985,0.0
0.0,0.0,0.0,0.0,0.0,0.0,0.0,0.0,0.0,0.0,0.0,0.0,0.0,0.0,0.0,0.0,0.0,0.0,0.0,0.0,0.0,0.0,0.0,0.0,0.07210182708449409,-0.030413912372410624,0.0,0.0,0.0,0.0,-0.024416175512213673,0.0,0.0,0.0,0.0,0.0,0.0,0.0,0.0,0.0,0.0,0.0,0.0,0.0,0.0,0.06914815418152664,0.0,0.0,0.0,0.0,0.0,0.0,0.06539151792218366,0.0,0.03968820682424655,0.0,0.0,0.0,0.0,0.0,0.0,0.0,0.0,-0.03053265573789035,0.0,0.0,0.0,0.0,0.0,0.0,-0.024766935927335032,0.0,0.0,0.0,0.0,0.0,0.0,0.0,0.0,0.0,0.0,0.0,-0.09775373540272604,-0.05500571832624225,0.0,0.0,0.0,0.0,0.0,0.0
0.0,0.0,0.0,0.0,0.0,0.0,0.0,0.0,0.0,0.0,0.0,0.0,0.0,0.0,0.0,0.0,0.0,0.0,0.0,0.0,0.0,0.0,0.0,0.0,0.0,0.0,0.0,0.0,0.0,-0.053310275883069205,0.0,0.0,0.0,-0.05388926176965226,0.0,0.0,0.020725739246401705,-0.11754430208643396,0.0,0.0,0.0,0.0,0.0,0.0,0.0,0.0,0.0,0.0,0.0,0.0,0.0,0.0,0.0,0.0,0.0,0.0,0.0,0.0,0.0,0.0,0.0,-0.0068542270357638884,0.0,0.0,0.0,0.0,0.0,0.0,0.0,0.0,-0.02186771703660364,-0.03053348513994902,0.0,0.0,0.0,0.029667950622115146,0.0,0.0,0.0,0.0,0.0,0.0,0.050191749397556634,0.0,0.0,0.0,0.0,0.0,0.03067766878906064,0.0
0.0,0.0,0.0,0.0,0.0379262523222662,0.0,0.0,0.0,0.0,-0.03836584199264969,0.0,0.0,0.12711996531546244,0.0,0.057993200900959,0.0,0.0,0.0,0.0,0.0,0.0,0.0,0.0,0.07185920083531429,-0.03379007606363582,0.0,0.0,0.0,0.0,0.0,0.0,0.0,0.0,0.0,0.0,0.0,0.0,0.0,0.0,0.0,0.0,0.0,0.0,0.0,0.0,0.0,0.0,0.0,0.0,0.0,0.0,0.0,0.0,0.0,0.0,0.0,0.0,0.03963900552928356,0.0,0.0,0.0,0.0,0.0,0.0,0.0,0.0,0.0,0.0,0.0,0.0,-0.13969461221970444,0.0,0.0,0.0,0.0,0.0,0.0,0.0,0.0,0.0,0.0,0.0,0.0,0.0,0.0,0.0,-0.10027705034975885,0.0,0.0,0.0
0.0,0.0,0.0,0.0,0.0,0.0,0.0,0.012829096789104799,0.0,0.0,0.0419722373138042,0.056163513609212234,0.0,0.0,0.1094369434413423,0.0,0.0,0.0,0.0,0.0,0.0,0.0,0.05513591920310714,0.04501227907240571,0.0,0.0,0.0,0.0,0.0,0.0,0.0,0.0,0.0,0.0,0.0,0.0,0.0,0.0,0.02297064030370649,0.0,0.0,0.0,0.0,0.0,0.0,0.0,0.0,0.0,0.11286202831999698,0.0,0.0,0.0,0.0,0.0,0.0,0.0,0.0,0.0,0.0,0.0,0.0,0.0,0.0,0.0,0.0,0.0,0.0,0.0,0.0,0.0,0.0,0.0,0.0,0.0,0.0,0.0,0.0,0.0,0.0,0.0,0.0,0.0,0.0,0.0,0.0,0.0,0.0,0.020746959966755397,0.0,0.02835538565246887
0.0,0.0,0.0,0.0,0.0,0.0,0.0,0.0,-0.008072960077919673,0.0,0.0,-0.019379546661058324,0.0,0.0,0.0,0.0,0.0,0.0,0.0,0.0,0.0,0.0,0.0,0.0,0.0,0.0,0.0,0.0,0.0,0.0,0.0,0.0,0.0,0.0,0.0,-0.03028045781538693,0.0,-0.08311255256521047,0.0,0.0,-0.006218865343878688,0.0,0.0,-0.026180363971637553,0.0,0.0,0.0,0.0,0.0,-0.02312514649606303,0.0,0.0,0.0,0.0,0.0,0.0,-0.012872302772430079,0.0,0.0,0.0,0.0,0.0,-0.019573277334525893,0.0,0.0,0.0,0.0,0.0,0.0,0.0,0.0,0.0,0.0,0.0,-0.020573939041317074,0.0,0.0,0.0,0.0,0.0,0.0,0.0,0.0,0.0,0.0,0.0,0.0,0.0,0.0,0.0
0.0,0.0,-0.038614984654581845,0.0,0.0,0.0,0.0,0.0,-0.0339416756810639,0.0,-0.03043753930068749,0.0,0.0,0.0,0.0,-0.033911037514920014,0.0,0.0,0.0,0.0,0.0,0.0,0.0,0.0,0.08297819955723094,0.0,0.0,0.0,0.0,0.0,0.0,0.0,0.0,0.0,0.0,0.0,0.0,0.08136985983184587,0.0,-0.04544445703215689,0.0,0.0,0.0,0.0,0.0,0.0,0.0,0.04673827375621723,0.0,0.0,0.0,0.047878094475937084,0.0,0.0,0.0,0.0,0.0,0.0,0.0,0.0,0.0,0.0,0.0,0.0,0.0,0.0,0.0,0.0,0.0,0.0,0.0,0.0,0.0,0.0,0.0,0.0,0.0,0.0,0.0,0.0,0.0,0.0,0.0,0.0,0.0,0.0,0.0,0.0,0.0,-0.07153878064466591
0.0,0.0,0.0,0.0,0.0,0.0,0.0,0.0,-0.0358612839268219,0.0,0.0,0.06289216824023491,0.0,0.0,0.0,0.0,0.0,-0.06723995490502126,0.0,0.0,0.0,0.12598694216658946,0.0,0.0,0.0,-0.03593624310760467,0.0,0.0,0.0,0.0,0.0,0.0,0.0,0.0,0.0,0.0,0.0,0.0,0.0,0.0,0.0,0.0,-0.012781092521590825,0.0,0.0,0.0,0.0,0.0,0.0,0.0,0.0,0.07146248002241885,0.0,0.0,0.0,0.0,0.0,0.0,0.0,0.0,0.0,0.0,0.0,0.0,0.0,0.0,-0.049819133127692844,0.0,0.0,0.0,0.0,0.0,0.0,0.0,-0.1257400627689074,0.0,0.0,0.0,0.0,0.0,0.0,0.0,0.0,0.0,0.0,0.0,0.0,0.0,0.0,0.0
0.0,0.0,0.0,0.0,0.0358233714431946,0.0,0.0,0.0,0.0,0.0,0.0,0.0,0.0,0.0,0.0,0.0,0.0,0.0,0.0,0.0,0.0,0.0,0.032156179792944745,0.0,0.0,0.0,0.0,0.028232286523091083,0.0,0.0,0.0,0.0,0.0,0.1074889244212936,0.0,0.0,0.0,0.0,0.0,0.0,0.0,0.0,0.0,0.0,0.0,0.0,0.0,0.0,0.0,0.0,0.0,0.0,0.0,0.0,0.0,0.0,0.0,0.0,0.0,0.0,0.0,0.0,0.0,0.0,0.06627106901649649,0.0,0.0,0.0,0.0,0.0,0.0,0.0,0.05091099810838798,0.0,0.0,0.021197211439703004,0.0,0.0,0.0,0.0,0.0,0.0,0.06140311220740069,0.0,0.0,0.027478700090865615,0.04981837807808337,0.0,0.0,0.0
0.0,0.0,0.0,0.0,0.0,0.0,0.0,0.0,0.0,0.0,0.0,0.0,0.0,0.0,0.0,0.0,0.0,0.0,0.0,0.0,0.0,0.0,0.0,0.0,0.055080992586647684,0.0,0.0,0.0,0.0,0.0,0.0,0.0,0.0,0.0,0.0,0.0,0.0,0.0,0.0,0.07530633899760679,0.0,0.0,0.09288851551416871,0.0,0.0,0.0,0.036511042302687265,0.0,0.0,0.06889850665080316,0.0,0.017844496840990376,0.0,0.0730986211636345,0.06343575897604754,0.0,0.0,0.0,0.0,0.0,0.0,0.0,0.0,0.0,0.0,0.0,0.0,0.0,0.045508410772929234,0.0,0.0,0.0,0.0,0.0,0.0,0.0,0.0,0.0,0.0,0.0,0.049983982263240065,0.0,0.0,0.0,0.0,0.0,0.0,0.0,0.0,0.0
0.0,0.0,0.0,0.0,0.0,0.0,0.0,0.0,0.0,0.0,0.0,0.0,0.0,0.0,0.0,0.0,-0.07014832377696154,0.0,0.0,0.0,-0.022412300901505765,0.0,0.0,0.0,0.0,0.0,0.0,0.0,0.0,0.0,0.0,0.0,0.0,0.0,0.0,0.0,0.0,0.0,0.0,0.0,-0.008721748553815831,0.0,0.0,0.0,0.0,0.0,0.0,0.0,0.0,0.0,0.0,-0.049818960937195,-0.04614134417039805,0.0,-0.05936894868250654,0.0,0.0,0.0,0.0,-0.009376171471423321,0.0,0.0,0.0,0.0,-0.003551453893818649,0.0,0.0,0.0,0.0,0.0,0.0,0.0,0.0,0.0,0.0,0.0,0.0,0.0,0.0,0.0,0.0,0.0,0.0,0.028821746211941,0.0,0.0,0.0,0.0,0.03000915806689436,0.0
0.0,-0.04500531556125081,0.0,0.0,0.0,0.0,0.0,0.0,0.0,0.0,-0.024004157169429524,0.0,0.0,0.0,0.0,-0.008554890417789111,0.0,0.0,0.0,0.0,0.0,0.0,0.0,0.0,0.0,0.0,0.0,0.0,0.0,0.0,0.0,0.0,0.0,0.0,0.0,0.0,0.0,0.0,0.0,0.0,0.0,0.0,0.0,0.0,-0.015260794792655944,-0.019720105091248864,0.0,0.0,0.0,0.0,0.0,0.0,0.0,0.0,0.0,0.0,0.0,-0.0018751256069501092,0.0,0.0,0.0,-0.033952774553227184,0.0,0.0,0.0,0.0,0.0,-0.028993133116212967,0.0,0.0,-0.013393490959324711,0.0,-0.015946039487504903,0.0,0.0,0.0,0.0,0.0,0.0,0.0,0.0,0.0,0.0,0.0,0.0,0.0,0.0,0.0,0.0,0.0
0.0,-0.03109753862533647,-0.03256874498635669,0.0,-0.042982180796161264,0.0,0.0,0.0,0.0,0.0,0.0,-0.04006127977695083,0.0,0.0,-0.01977365094865867,-0.012104457567643907,0.0,0.0,0.0,0.0,0.0,0.0,0.0,0.0,0.0,0.0,0.0,0.0,0.0,0.0,0.0,0.0,0.0,0.0,0.0,0.0,0.0,-0.024091215548507672,0.0,0.0,0.0,0.0,0.0,0.0,0.0,0.0,0.0,0.0,0.0,0.0,0.0,0.0,0.0,0.0,0.0,0.0,-0.022985714409762603,0.0,0.0,0.0,0.0,0.0,0.0,-0.011794740981184458,0.0,0.0,0.0,0.0,0.0,0.0,0.0,0.0,0.0,0.0,0.0,0.0,0.0,0.0,-0.00951409137402703,0.0,0.0,0.0,0.0,0.0,0.0,0.0,0.0,0.0,0.0,0.0
0.0,0.0,0.0,0.0,0.0,0.0,0.0,0.0,0.0,0.0,0.0,0.0,0.0,0.0,0.0,0.0,0.0,0.0,0.0,0.0,0.0,0.0,0.0,0.0,0.0,0.0,0.0,0.0,0.0,0.0,-0.026259817828295246,-0.045374375839104045,0.0,0.0,0.0,0.0,0.0,0.0,0.0,0.0,0.0,0.0,0.0,-0.003044703873769963,0.0,0.0,0.0,0.0,0.0,0.0,0.0,0.0,0.0,0.0,0.0,0.0,0.0,0.0,0.0,0.0,-0.023488310675701462,0.0,0.0,-0.029160451949996006,0.0,-0.00819637288036884,0.0,0.0,0.0,0.0,0.0,0.0,0.0,0.0,0.0,0.0,0.0,-0.02380805271025759,0.0,0.0,0.0,0.0,0.0,-0.02332042633688992,0.0,0.0,-0.03131252072741936,0.0,-0.030158734089521848,0.0
0.0,0.0,-0.04368201746590903,0.0,0.0,0.0,-0.008223969351436822,0.0,-0.0023020471576662145,0.0,-0.03013260763813218,-0.026462359874716915,0.0,0.0,0.0,0.0,0.0,0.0,0.0,0.0,-0.04310480000657521,0.0,0.0,0.0,0.0,0.0,0.0,-0.0316764027693637,0.0,0.0,0.0,0.0,0.0,0.0,0.0,0.0,0.0,0.0,0.0,0.0,0.0,0.0,0.0,0.0,0.0,0.0,0.0,0.0,0.0,0.0,0.0,0.0,0.0,0.0,0.0,0.0,-0.031222507415219397,0.0,0.0,0.0,0.0,0.0,0.0,0.0,0.0,0.0,-0.01657568468465746,0.0,0.0,-0.019225889156401412,0.0,0.0,0.0,0.0,0.0,0.0,0.0,0.0,0.0,0.0,0.0,0.0,0.0,0.0,0.0,0.0,0.0,0.0,0.0,0.0
0.0,0.0,0.0,0.0,0.0,0.0,-0.027267136470265158,-0.02543075448843173,0.0,0.0,0.0,0.0,0.0,0.0,0.0,-0.02223747439278904,0.0,-0.00939577619955459,0.0,0.0,-0.013510533767672434,0.0,0.0,0.0,0.0,0.0,0.0,0.0,0.0,-0.03453605504657762,0.0,0.0,0.0,0.0,0.0,0.0,0.0,0.0,0.0,0.0,0.0,0.0,0.0,0.0,0.0,0.0,0.0,0.0,0.0,0.0,-0.024859554376606925,-0.04788521524643619,0.0,-0.016858786183414902,0.0,0.0,0.0,0.0,0.0,0.0,0.0,0.0,0.0,0.0,0.0,0.0,0.0,-0.01812164116951093,0.0,0.0,0.0,0.0,0.0,0.0,0.0,0.0,0.0,0.0,0.0,0.0,0.0,0.0,0.0,0.0,0.0,0.0,0.0,0.0,0.0,0.0
0.0,0.0,-0.04012114944241194,0.0,-0.029247711374935946,0.0,0.0,0.0,-0.022030667945724208,0.0,0.0,0.0,-0.031902556289834696,0.0,0.0,0.0,0.0,0.0,-0.028011096716673484,0.0,-0.021172774484417883,0.0,0.0,0.0,0.0,0.0,0.0,0.0,0.0,0.0,0.0,0.0,0.0,0.0,0.0,0.0,0.0,0.0,0.0,0.0,0.0,0.0,-0.013205822366029747,0.0,0.0,0.0,0.0,0.0,0.0,0.0,0.0,-0.03003749175811296,0.0,0.0,0.0,0.0,0.0,0.0,0.0,0.0,0.0,0.0,0.0,0.0,-0.012158183250847068,0.0,0.0,0.0,0.0,0.0,0.0,0.0,0.0,0.0,0.0,0.0,0.0,0.0,0.0,0.0,-0.02408308341042082,0.0,0.0,0.0,0.0,0.0,0.0,0.0,0.0,0.0
0.0,0.0,0.029553597642612155,0.0,0.0,0.0,0.02417669554095664,0.0,0.0,0.0,0.0,-0.06283873909014336,0.0,0.027590720811008527,0.0,0.0,0.0,0.0,0.0,0.0,0.0,0.0,0.031231190160525436,0.0,0.0,0.0,0.0,0.0,0.0,0.0,0.0,0.0,0.0,0.0,0.0,0.0,0.0,-0.10636840769304592,0.0,0.0,0.0,0.0,-0.033143020887654,0.0,0.0,0.0,0.0,0.0,0.0,0.0,0.0,0.0,0.0,0.0,0.057200701044585696,0.0,0.0,0.0,0.0,0.0,0.028745055277738605,0.0,0.0,0.0,0.006116913748730237,0.0,0.0,0.0,0.0,0.0,0.0,0.0,0.0,0.0,0.0,0.0,0.0,0.0,0.0,0.0,0.0,0.0,0.0,0.0,0.0,0.0,0.0,0.0,0.0,0.0
0.0,-0.015107229330547239,0.0,0.0,0.0,0.0,0.0,0.0,0.0,0.0,0.0,0.0,0.0,0.0,-0.011237225703581096,0.0,0.0,0.0,0.0,0.0,-0.05492740916218982,0.0,-0.0414230656708661,0.0,0.0,0.0,0.0,0.0,0.0,0.0,0.0,0.0,0.0,0.0,0.0,0.0,0.0,0.0,0.0,0.0,-0.03314437684084908,0.0,0.0,0.0,0.0,0.0,0.0,0.0,0.0,0.0,0.0,0.0,-0.028874206399107937,0.0,0.0,0.0,0.0,0.0,0.0,0.0,0.0,0.0,-0.018837459010844226,0.0,0.0,0.0,0.0,0.0,0.0,0.0,0.0,0.0,-0.015844281071979105,0.0,0.0,0.0,-0.01293293406987073,0.0,0.0,-0.009738509317492932,0.0,0.0,0.0,0.0,0.0,0.0,0.0,0.0,0.0,0.0
0.0,0.0,0.0459409570528711,0.0,0.09686129081497062,0.029069767328545992,0.031522903731910745,0.0,0.0,0.06373898413312717,0.0,0.0,0.0,0.0,0.0,0.0,0.1447439456594053,0.0,0.0,0.0,0.0,0.0,0.0,0.0,0.0,0.0,0.0,0.05162216742863353,0.0,0.0,0.0,0.0,0.0,0.031795775142657454,0.0,0.0,0.0,0.0,0.0,0.0,0.0,0.0,0.0,0.0,0.0,0.0,0.0,0.0,0.0,0.0,0.0,0.029450885384353365,0.024823137801169938,0.0,0.0,0.0,0.0,0.0,0.0,0.0,0.0,0.0,0.0,0.0,0.0,0.0,0.0,0.0,0.0,0.0,0.0,0.0,0.0,0.0,0.0,0.0,0.0,0.0,0.0,0.0,0.0,0.0,0.0,0.0,0.0,0.0,0.0,0.0,0.0,0.0
0.0,0.0,-0.042883483459890875,0.0,-0.027893100721402376,0.0,0.0,-0.023848719408298587,0.0,0.0,0.0,-0.020646469860459937,0.0,0.0,0.0,0.0,0.0,0.0,0.0,0.0,-0.02435164765850137,0.0,0.0,0.0,0.0,0.0,0.0,-0.030678227683144862,0.0,0.0,0.0,0.0,0.0,0.0,0.0,-0.02987967386327406,0.0,0.0,0.0,0.0,0.0,0.0,0.0,0.0,0.0,0.0,0.0,0.0,0.0,0.0,0.0,0.0,0.0,0.0,0.0,0.0,0.0,0.0,0.0,-0.006495440198394313,0.0,0.0,0.0,0.0,0.0,-0.029227157750992667,0.0,0.0,0.0,0.0,0.0,0.0,0.0,0.0,0.0,0.0,0.0,0.0,0.0,0.0,0.0,0.0,0.0,0.0,-0.016685467798544195,0.0,0.0,0.0,0.0,0.0
0.0,0.0,0.0589358491411826,0.0,0.0,0.0,0.0,0.0,0.05155537598159505,0.0,0.0,0.0,0.018521426199308983,0.0,0.0,0.0,0.0,0.0,0.0,0.0,0.0,0.0,0.0,0.09126452991224798,0.0,0.0,0.0,0.0,0.0,0.0,0.0,0.0,0.0,0.0,0.0,0.0,0.0,0.0,0.0,0.0,0.09749110946662334,0.0,0.0,0.0,0.0,0.0,0.0,0.0,0.0,0.0,0.0,0.0,0.0,0.0,-0.07592384260204968,0.0,0.0,0.0,0.0,0.0,0.0,0.0,0.0,0.0,0.0,0.0,0.0,0.0,0.0,0.0,0.0,0.0,0.03255836152652024,0.0,0.0,0.0,0.0,0.0,-0.05645972301464731,0.0,0.0,0.0,-0.08420231043110576,-0.05385273245600073,0.0,0.0,0.0,0.0,0.0,0.0
0.0,0.0,0.0,0.0,0.06513847710019595,0.0,0.0,0.0,0.0,0.0,0.08259723830609064,0.0,0.09371484406044887,0.0,0.03339910100941572,0.0,0.0,0.0,0.0,0.0,0.0,0.0,0.02751809453427744,0.0,0.0,0.0,0.0,0.0,0.0,0.0,0.0,0.0,0.0,0.0,0.0,0.0,0.0,0.030126129896277953,0.0,0.0,0.0,0.0,0.0,0.0,0.0,0.0,0.0,0.0227075755512249,0.0,0.0,0.0,0.0,0.0,0.0,0.0,0.0,0.0,0.0,0.0,0.0,0.0,0.0,0.0,0.0,0.0,0.0,0.0,0.005676681404679512,0.0,0.0,0.0,0.0,0.0,0.0,0.0,0.0,0.0,0.0,0.0,0.0,0.030646000609183974,0.0,0.0,0.0,0.0,0.0,0.0,0.01622023593716304,0.0,0.0
0.0,0.0,0.0,0.0,-0.008161197778742205,0.0,-0.021962321828035525,0.0,0.0,0.0,-0.03571789392622278,0.0,0.0,0.0,0.0,0.0,0.0,0.0,0.0,0.0,-0.025232655691329042,0.0,0.0,0.0,0.0,0.0,0.0,0.0,0.0,0.0,0.0,0.0,0.0,0.0,0.0,0.0,0.0,0.0,-0.033147254305536826,0.0,-0.038644733770314695,0.0,0.0,0.0,0.0,0.0,0.0,-0.023474810510598017,0.0,0.0,0.0,0.0,0.0,0.0,0.0,0.0,-0.028419075542763725,-0.0015558260118717611,0.0,0.0,0.0,0.0,0.0,0.0,0.0,0.0,0.0,-0.029632520917404977,0.0,0.0,0.0,0.0,0.0,0.0,0.0,0.0,0.0,0.0,0.0,0.0,0.0,0.0,0.0,0.0,0.0,0.0,0.0,0.0,0.0,0.0
0.0,0.0,0.07810410656820871,0.0,0.0,0.0,0.0,0.0,0.0,0.0,0.0,0.0,0.10519774561527652,0.0,0.0,0.06092798013905428,0.0,0.0,0.0,0.0,0.0,0.0,0.0,0.0,0.0,0.0,0.0,0.0,0.0,0.0,0.0,0.0,0.0,0.0,0.0,0.0,0.0,0.0,0.0,0.0,0.0,0.0,0.0,0.0,0.0,0.0,0.0,-0.027117691438313718,0.0,0.0,0.0,-0.04428745273497158,0.0,0.0,0.02687826540065224,0.0,0.0,0.0,0.0,0.03519100284005447,0.0,0.0,0.0,0.0,0.0,0.0,0.0,-0.07625589999882723,0.0,0.0,0.0,0.0,-0.04352237374239512,0.0,0.0,0.0,0.0,0.0,0.0,0.0,0.0,0.0,0.0,-0.062401367042327474,0.0,0.0,0.0,0.0,0.0,0.0
0.0,0.0,0.0,0.0,0.0,0.0,0.0,0.0,0.0,0.0,0.0,0.0,0.0,0.0,0.0,0.0,0.0,0.0,0.0,0.0,0.0,-0.03970124440011809,0.0,0.0,0.0,0.0,-0.023826444000504904,-0.01649283069639362,0.0,0.0,0.0,0.0,0.0,0.0,0.0,0.0,-0.02472552327009023,0.0,0.0,0.0,0.0,0.0,0.0,0.0,0.0,0.0,0.0,0.0,0.0,-0.01235134639448095,0.0,0.0,0.0,0.0,0.0,0.0,0.0,0.0,0.0,0.0,0.0,0.0,-0.016440136994494755,0.0,0.0,0.0,0.0,-0.02026996512278967,-0.03047837061847726,0.0,0.0,0.0,0.0,0.0,0.0,0.0,0.0,0.0,0.0,-0.025350937285813193,0.0,0.0,0.0,-0.03465674842429275,0.0,0.0,0.0,0.0,0.0,0.0
0.0,0.0,-0.018573116806371297,0.0,0.0,0.0,0.0,0.0,-0.013955567878169171,0.0,0.0,0.0,0.0,0.0,0.0,0.0,0.0,-0.01631080491881228,0.0,0.0,0.0,0.0,0.0,0.0,0.0,0.0,0.0,0.0,0.0,-0.020694957743794682,-0.028426505935532597,-0.029193552131810283,0.0,0.0,0.0,0.0,0.0,0.0,0.0,0.0,0.0,0.0,0.0,0.0,0.0,0.0,-0.02772437863123012,0.0,0.0,-0.005649431375854691,0.0,0.0,0.0,0.0,0.0,0.0,0.0,0.0,0.0,0.0,0.0,0.0,0.0,0.0,0.0,0.0,0.0,0.0,-0.0077863871142746744,0.0,0.0,0.0,0.0,0.0,0.0,0.0,0.0,0.0,0.0,0.0,0.0,0.0,0.0,0.0,0.0,-0.004593523213577068,0.0,0.0,0.0,0.0
0.0,0.0,0.0,-0.04490730106022182,0.0,0.0,0.0,-0.07512838058705824,0.0,0.0,0.0,-0.01180967164577787,0.0,0.0,0.0,0.04621521298507511,0.0,0.0,0.0,0.0,0.0,0.0,0.0,0.0,0.0,0.0,0.0,0.01740293434912981,0.0,0.0,0.02749680066277433,0.0,0.0,0.049466821290584974,0.0,0.0,0.0,0.0,0.0,0.0,0.0,0.0,0.0,0.0,0.0,0.0,0.0,0.0,0.0,0.0,0.0,0.0,0.0,0.0,0.0,0.0,0.0,0.0,0.0,0.0,0.0,0.0,0.0,0.0,0.0,0.0,0.0,0.0,-0.028018530348230486,0.0,0.0,0.0,0.0,0.0,0.0,0.0,0.0,0.0,0.0,0.0,0.0,-0.024808741417726144,0.0,0.0,0.0,0.0,0.0,0.0,0.0,-0.01816577052825469
0.0,0.0,-0.031043049598241147,0.0,-0.042322233187143905,0.0,0.0,0.0,-0.059205154276828605,0.0,0.0,-0.019646061328622205,0.0,0.0,0.0,-0.035545543412810646,0.0,0.0,0.0,-0.023650516087630028,-0.008734704213895087,0.0,0.0,0.0,0.0,0.0,0.0,0.0,0.0,0.0,0.0,0.0,0.0,0.0,0.0,0.0,0.0,-0.00717377174156984,0.0,0.0,0.0,0.0,0.0,0.0,0.0,0.0,0.0,0.0,0.0,0.0,0.0,0.0,0.0,0.0,0.0,0.0,0.0,0.0,-0.02238842296037541,0.0,0.0,0.0,0.0,0.0,0.0,0.0,0.0,0.0,0.0,0.0,0.0,0.0,0.0,0.0,0.0,0.0,0.0,0.0,0.0,0.0,0.0,-0.002536127005229179,0.0,0.0,0.0,0.0,0.0,0.0,0.0,0.0
0.0,0.0,0.0,0.0,0.0,0.0,0.0,0.0,0.0,0.0,0.0,0.0,0.0,0.0,0.0,0.0,0.0,0.0,0.0,0.0,0.0,0.0,0.0,0.0,0.0,0.0,0.0,0.0,0.0,0.06168242716292178,0.0,0.0,0.0,0.0,0.0,0.05746891428326506,0.0,0.13903048827395562,0.0,0.0,0.0,0.0,0.0,0.0,0.0,0.0,0.0,0.0323504346124036,0.0,0.0209394375066239,0.0,0.0,0.0,0.0,0.0,0.0,0.0,0.0,0.0,0.0,0.0,0.06009547060260931,0.0,0.0,0.0,0.0,0.0,0.0,0.0,0.0,0.0,0.049781562991318376,0.06095642073568333,0.0,0.0,0.0,0.0,0.0,0.0,0.0,0.0,0.0,0.0,0.13602660919844037,0.0,0.0,0.0,0.0,0.0,0.0690891749126472
0.0,0.0,0.0,0.0,0.0,0.04455484645844802,0.0,0.0,0.0,0.0,0.0,0.0,0.0,0.0,0.0,0.0,0.0388848467515831,0.0,0.0,0.0,0.0,0.0,0.0,0.0,0.0,0.0,0.0,0.0,0.0,0.0,0.0,0.042452908819179146,0.0,0.0,0.0,0.0,0.0,0.0,0.0,0.0,0.0,0.0,0.0,0.0,0.0,0.0,0.0,0.0,0.0,0.0,0.0,-0.01039535256687582,0.0,0.0,0.0,0.0,0.0,0.0,0.0,0.0,0.0,0.0,0.0,0.0,0.0,0.0,0.0,0.0,0.0,0.0,0.0,0.0,0.0,0.0,0.0,0.0,0.0,0.11250176985299169,0.07356199769291791,0.04847437736413065,0.0,0.0,0.0,0.0,0.0,0.15124629351409005,0.0,0.07046801390514136,0.15323488877409605,0.0
0.0,0.0,0.0,0.0,-0.022952843461773127,0.0,0.0,0.0,0.0,0.0,0.0,0.0,0.0,-0.035809239816547725,0.0,0.0,0.0,0.0,0.0,0.0,0.0,0.0,0.0,0.0,0.0,-0.026235136796410184,0.0,0.0,0.0,0.0,-0.01403153560008484,0.0,0.0,0.0,0.0,0.0,0.0,-0.024168293616119062,0.0,0.0,0.0,0.0,0.0,0.0,0.0,0.0,-0.018144361417511534,0.0,0.0,0.0,0.0,0.0,0.0,0.0,0.0,0.0,0.0,0.0,0.0,0.0,0.0,0.0,0.0,0.0,0.0,0.0,0.0,0.0,0.0,0.0,0.0,-0.020299444966991688,0.0,0.0,0.0,-0.014239655007669265,0.0,0.0,0.0,0.0,0.0,0.0,0.0,0.0,0.0,0.0,-0.025273997163451717,0.0,-0.045222371626794405,0.0
0.0,0.0,0.0,0.0,0.0,0.0,0.0,0.0,0.0,0.0,0.0,0.012300240418845188,0.0,0.0,0.0,0.0,0.0,-0.02795365357375381,0.0,-0.018008847550786473,0.0,0.0,0.0,0.0,0.0,0.0,0.0,0.0,0.0,0.0,0.0,0.0,0.0,0.0,0.0,0.0,0.0,0.0,0.0,0.0,0.0,0.0,0.0,0.0,0.0,0.0,0.0,0.0,0.0,0.0,-0.05595197319285821,0.0,0.0,0.0,0.0,-0.04496026684598545,0.0,0.0,0.0,0.0,0.0,-0.02218636047143377,0.0,0.0,0.0,0.0,0.0,0.0,0.0,0.0,0.0,0.0,0.0,0.0,0.0,-0.027479112637532378,0.0,0.0,0.0,0.0,-0.06767141738355924,0.0,0.0,0.0,0.0,0.0,-0.02571671679772558,0.10849680970279772,0.0,0.0
0.0,0.0,0.0,0.0,0.0,0.0,0.0,0.0,0.0,0.0,0.0,0.0,0.0,0.0,-0.01735547466336575,0.0,0.0,0.0,-0.013654717143063424,0.0,0.0,-0.005510530477665532,0.0,0.0,0.0,0.0,-0.019146196160407823,0.0,0.0,0.0,0.0,0.0,0.0,0.0,-0.012020707146102518,0.0,-0.007527831755809957,0.0,0.0,0.0,0.0,0.0,-0.008103245485852896,0.0,0.0,0.0,-0.024396387050666855,0.0,0.0,0.0,-0.02176499279833399,0.0,0.0,0.0,0.0,0.0,0.0,0.0,0.0,0.0,0.0,0.0,0.0,-0.026856390051227103,0.0,0.0,0.0,0.0,0.0,0.0,0.0,0.0,0.0,0.0,0.0,0.0,0.0,0.0,0.0,0.0,0.0,0.0,0.0,0.0,0.0,0.0,0.0,0.0,0.0,0.0
0.0,0.0,0.0,0.0,0.0,-0.014613201514319505,0.0,-0.012808815906258667,0.0,-0.01784516001813174,0.0,0.0,-0.01526308181940859,0.0,0.0,-0.026274280001007483,0.0,-0.03131327350215692,0.0,0.0,-0.04395892457243767,0.0,0.0,0.0,0.0,0.0,0.0,0.0,0.0,0.0,0.0,0.0,0.0,0.0,0.0,-0.00398950191077835,0.0,0.0,0.0,0.0,0.0,0.0,0.0,0.0,0.0,0.0,0.0,-0.028920855659377576,0.0,0.0,0.0,0.0,0.0,0.0,0.0,0.0,0.0,0.0,0.0,0.0,0.0,0.0,0.0,0.0,0.0,0.0,0.0,0.0,0.0,0.0,0.0,0.0,0.0,0.0,0.0,0.0,0.0,0.0,0.0,0.0,0.0,0.0,0.0,0.0,0.0,0.0,-0.043130636224806784,0.0,0.0,0.0
0.0,0.0,0.0,0.0,-0.05674037052780169,0.0,0.0,0.0,-0.03007035799462556,0.0,0.0,0.0,0.0,0.0,0.0,0.0,0.0,0.0,-0.03739763661565411,0.0,0.0,0.0,0.0,0.0,0.0,0.0,0.0,-0.03477612357538921,0.0,0.0,0.0,0.0,0.0,0.0,0.0,0.0,0.0,0.0,0.0,0.0,0.0,0.0,0.0,0.0,0.0,0.0,0.0,0.0,0.0,0.0,0.0,0.0,0.0,0.0,0.0,0.0,0.05025479693426374,0.0,0.0,0.0,0.0,-0.03949357448636443,0.0,0.0,0.0,0.0,0.0,0.0,0.0,0.0,0.0,0.0,0.0,0.024799737823478274,0.0,0.0,0.0,-0.01827637787604563,0.0,0.0,0.0,0.0,0.0,0.0,-0.012718700653429133,0.0,0.0,-0.039995367872427745,0.0,0.0
0.0,0.0,0.05719671285659575,0.0,0.07357349548962978,0.0,0.0,0.0,-0.017095778858428372,0.0,0.0,0.0,0.0,0.0,0.0,0.034598739414382726,0.0,0.0,0.06818624445600598,0.06966185185752737,0.0759655059196408,0.0,0.0,0.0,0.0,0.03500312290245147,0.0,0.0,0.0,0.0,0.0,0.0,0.0,0.0,0.0,0.0,0.0,0.0,0.0,0.0,0.0,0.0,0.0,0.0,0.0,0.0,0.0,0.0,0.0,0.0,0.0,0.0,0.0,0.0,0.0,0.0,0.0,0.0,0.0,0.0,0.0,0.0,0.0,0.0,0.0,0.0,0.0,0.0,0.0,0.0,0.0,0.0,0.0,0.0,0.0,0.0,0.0,0.0,0.0,0.0,0.053013978193312376,0.0,0.0,0.0,0.0,0.0,0.0,0.0,0.06725287729055791,0.0
0.0,0.0,-0.04654693399810463,0.0,0.0,0.0,-0.011891061254895512,0.0,-0.02024441500653295,0.0,0.0,0.0,0.0,0.0,0.0,0.0,0.0,0.0,0.0,0.0,0.0,0.0,0.0,0.0,0.0,0.0,0.0,0.0,0.0,0.0,0.0,-0.01226220318158771,0.0,0.0,0.0,0.0,0.0,0.0,0.0,0.0,0.0,0.0,0.0,0.0,0.0,0.0,0.0,0.0,0.0,0.0,0.0,0.0,-0.01925651614624123,0.0,0.0,0.0,0.0,0.0,0.0,0.0,0.0,0.0,0.0,0.0,0.0,-0.028578398031839727,0.0,0.0,0.0,0.0,0.0,0.0,0.0,0.0,0.0,0.0,0.0,0.0,0.0,0.0,0.0,0.0,0.0,-0.025578750282494612,-0.019400807995924085,0.0,0.0,0.0,-0.05631230654205921,-0.0108193579163057
0.0,0.0,0.0,0.0,-0.011767303745086105,0.0,0.0,0.0,0.0,0.0,0.0,0.0,0.0,0.0,0.0,0.0,-0.03812686672958841,0.0,0.0,0.0,0.0,0.0,0.0,0.0,0.0,0.0,0.0,-0.05549257715237613,0.0,0.0,-0.01231251939556762,0.0,0.0,0.0,0.0,0.0,0.0,-0.043299150252957594,0.0,0.0,0.0,-0.010165674977483906,0.0,0.0,0.0,0.0,0.0,0.0,0.0,-0.009489719702162919,0.0,0.0,0.0,-0.03246753009945515,0.0,0.0,0.0,0.0,0.0,0.0,0.0,0.0,0.0,0.0,0.0,0.0,0.0,0.0,0.0,0.0,0.0,0.0,0.0,0.0,0.0,-0.01955741316495237,0.0,0.0,0.0,0.0,0.0,0.0,0.0,0.0,0.0,0.0,-0.019508128693944186,0.0,0.0,0.0
0.0,0.0,0.15808559405288294,0.0,0.06300214925273628,0.0,0.0,0.0,0.0,0.0,0.0,0.0,0.051915689737997636,0.0,0.0,0.0,0.0,0.0,0.0,0.0,0.1406629670261444,0.0,0.0,0.0,0.0,0.0,0.04104401220531536,0.0,0.03985567021991285,0.0,0.0,0.0,0.0,0.0,0.0,0.0,0.0,0.0,0.0,0.0,0.0,0.0,0.0,0.0,0.0,0.0,0.0,0.0,0.0,0.0,0.0,0.06439141237333194,0.0,0.0,0.0,0.0,0.0,0.0,0.0,0.0,0.0,0.0,0.0,0.0,0.0,0.0,0.003913561989793815,0.0,0.0,0.0,0.030313598592105584,0.0,0.0,0.0,0.0,0.0,0.0,0.0,0.0,0.0,0.0,0.0,0.0,0.0,0.0,0.0,0.09158794882959206,0.0,0.0,0.0
0.0,0.0,0.0,0.0,0.0,0.0,0.0,0.0,0.0,0.0,0.0,0.0,0.0,0.0,0.0,0.0,0.0,0.0,0.0,-0.018643276707712157,0.0,-0.03977724837063088,0.0,0.0,0.0,0.0,0.0,-0.009462674625676026,0.0,0.0,0.0,0.0,0.0,0.0,0.0,0.0,0.0,0.0,-0.021861649961652442,0.0,-0.03279643719137119,0.0,-0.018663158684867755,-0.028499447914526188,0.0,0.0,0.0,0.0,0.0,0.0,0.0,0.0,0.0,0.0,-0.012548474267746629,0.0,0.0,0.0,0.0,0.0,0.0,0.0,0.0,0.0,0.0,0.0,0.0,0.0,0.0,0.0,0.0,0.0,0.0,0.0,0.0,0.0,0.0,0.0,0.0,0.0,0.0,0.0,-0.025240166653674623,0.0,0.0,0.0,-0.031077468327563647,0.0,0.0,0.0
0.0,0.0,0.0,0.0,0.0,0.0,0.0,0.0,0.0,0.0,0.0,0.0,0.0,0.0,0.0,-0.03338483544432622,0.0,0.0,-0.035515408881681323,0.0,0.0,0.0,0.0,0.0,0.0,0.0,0.0,0.0,0.0,0.0,0.0,0.0,0.0,0.0,0.0,0.0,0.0,0.0,0.0,0.0,0.0,-0.01960395655907634,0.0,0.0,0.0,0.0,0.0,0.0,0.0,0.0,0.0,0.0,0.0,0.0023994079779737954,0.0,0.0,0.0,0.0,0.0,0.0,-0.020475682128529772,0.0,0.0,0.0,-0.027156830336050673,0.0,0.0,0.0,0.0,0.0,0.0,0.0,0.0,0.0,0.0,0.0,0.0,0.0,0.0,-0.010338685827667171,0.0,0.0,-0.024932084038890797,-0.04145345689255948,-0.03643720397513383,0.0,0.0,0.0,0.0,0.0
0.0,0.0,0.12247968491430657,0.0,0.02385802110953958,0.0,0.0,0.0,0.11693886079243009,0.0,0.0,0.0,0.0,0.0,0.0,0.0,0.11152283471490873,0.0,0.0,0.0,0.0,0.0,0.00936884962450559,0.009348300435311626,0.0,0.0,0.0,0.0,0.0,0.0,0.0,0.0,0.0,0.0,0.005318235230183266,0.0,0.0,0.0,0.0,0.0,0.0,0.0,0.0,0.0,0.0,0.0,0.0,0.0,0.0,0.0,0.0,0.007282695893158606,0.0,0.0,0.0,0.0,0.0,0.0,0.0,0.0,0.0,0.0,0.0,0.0,0.0,0.0,0.0,0.0,0.0,0.0,0.0,0.0,0.0,0.0,0.013426987626587828,0.0,0.0,0.0,0.0,0.0,0.0,0.0,0.0,0.0,0.0,0.0,0.03520849155416327,0.0,0.0,0.0
0.0,0.0,-0.028474779230216157,0.0,0.0,0.0,-0.024021959820125588,0.0,0.0,0.0,0.0,0.0,0.0,0.0,0.0,0.0,0.0,0.0,0.0,0.0,0.0,0.0,-0.022829554196159348,0.0,0.0,0.0,0.0,-0.03627556924812585,0.0,-0.018588798462289884,0.0,0.0,0.0,0.0,0.0,0.0,0.0,0.0,0.0,0.0,-0.030112416214845793,0.0,0.0,0.0,0.0,0.0,0.0,0.0,0.0,0.0,0.0,0.0,-0.01526533477747575,0.0,-0.023875948681125053,0.0,0.0,0.0,0.0,0.0,0.0,0.0,0.0,0.0,0.0,0.0,0.0,0.0,0.0,0.0,0.0,-0.009143765799740994,0.0,0.0,0.0,0.0,0.0,0.0,0.0,-0.02944407877175105,0.0,0.0,0.0,0.0,0.0,0.0,0.0,0.0,0.0,0.0
0.0,0.0,0.0,-0.021543696266990663,0.0,0.0,0.0,-0.017833723379036714,0.0,0.0,0.0,-0.01638417617360066,0.0,0.0,0.0,0.0,0.0,0.0,0.0,-0.03519201227719579,0.0,-0.007960377224097037,0.0,0.0,0.0,0.0,0.0,0.0,0.0,0.0,0.0,0.0,0.0,0.0,0.0,0.0,0.0,0.0,0.0,-0.03968120875913564,0.0,-0.03307430488899655,0.0,0.0,0.0,0.0,0.0,0.0,0.0,0.0,0.0,0.0,0.0,0.0,0.0,0.0,0.0,-0.011639971715330254,0.0,0.0,-0.019641197041373785,0.0,0.0,0.0,0.0,0.0,0.0,0.0,0.0,0.0,0.0,0.0,0.0,0.0,0.0,0.0,0.0,0.0,0.0,0.0,0.0,0.0,0.0,0.0,0.0,0.0,0.0,-0.008204582414157812,0.0,0.0
0.0,0.0,0.07565077749066455,0.01606842157601163,0.0,0.0,0.0,0.0,0.0,0.0,0.0,0.0,0.0,0.0,0.0,0.0,0.06617439668906507,0.0,0.03061224038560467,0.0,0.0,0.0,0.14529472888833403,0.0,0.0,0.0,0.0,0.0,0.0,0.0,0.0,-0.1929714891298932,0.0,0.0,0.0,0.0,0.0,0.0,0.0,0.0,0.0,0.0,0.0,0.0442574290140918,0.0,0.0,0.09085876333999808,0.0,0.0,0.0,0.0,0.0,0.0,0.0,0.0,0.0,0.030537762382711726,0.0,0.0034867036263079862,0.0,0.0,0.0,0.0,0.0,0.0,0.0,0.0,0.0,0.0,0.0,0.0,0.0,0.0,0.0,0.0,0.0,0.0,0.0,0.0,0.0,0.0,0.0,0.0,0.0,0.0,0.0,0.0,0.0,0.0,0.0
0.0,0.0,0.08278062614480577,0.0,0.0,0.0,0.00801366356001019,0.0,0.0,0.0,0.0,0.0,0.0,0.021737701147669344,0.026886196333569843,0.0,0.0,0.0,0.0,0.0,0.0,0.0,0.0,0.0,0.0,0.0,0.0,0.09581075346823026,0.0,0.0,0.0,0.0,0.0,0.0,0.03971091838466349,0.0940138456191293,0.0,0.06044634417630423,0.0,0.0,0.0,0.0,0.0,0.0,0.0,0.0,0.0,0.0,0.0,0.0,0.0,0.016472784190510348,0.0,0.0,0.0,0.0,0.0,0.0,0.0,0.0,0.0,0.0,0.0,0.0,0.0,0.0,0.049623506225245674,0.0,0.0,0.0,0.0,0.0,0.0,0.0,0.0,0.0,0.0,0.0,0.0,0.0,0.0,0.0,0.0,0.0,0.0,0.0,0.0,0.0,0.0,0.0
0.0,0.0,0.0,0.0,0.0,0.0,0.0,0.07373142853345671,0.0,0.0,0.0,0.0,0.0,0.0,0.0,0.0,0.0,0.0,0.15306231297702036,0.14283714485017318,0.0,0.04659129226523472,0.0,0.0,0.0,0.0,0.0,0.0,0.0,0.0,0.0,0.0,0.0,0.0,0.0,0.0,0.0,0.0,0.0,0.0,0.0,0.0,0.0,0.0,0.0,0.0,0.0,0.0,0.0,0.0,0.0,0.0,0.08727984169266798,0.0,0.05088044925288368,0.0,0.0,0.0,0.06379008611507063,0.0,0.0,0.0,0.015141483438871934,0.0,0.0,0.0,0.0,0.0783927526127603,0.0,0.0,0.0,0.0,0.0,0.0,0.0,0.0,0.0,0.0,0.0,0.0,0.0,0.026861071833158223,0.0,0.0,0.0,0.0,0.0,0.0,0.0,0.0
0.0,0.0,0.0,0.0,0.0,0.0,0.0,0.0,0.0,0.0,0.0,0.0,0.0,0.0,-0.0208005935336322,0.0,0.0,0.0,0.0,0.0,-0.02719606062172326,-0.0011383471526458543,0.0,0.0,0.0,0.0,0.0,-0.026677594670596994,0.0,0.0,0.0,0.0,0.0,0.0,0.0,0.0,0.0,0.0,0.0,0.0,0.0,0.0,0.0,0.0,0.0,0.0,0.0,0.0,-0.026856693872882337,0.0,0.0,0.0,0.0,0.0,0.0,0.0,0.0,0.0,0.0,-0.030403632906855466,0.0,0.0,0.0,0.0,0.0,0.0,0.0,0.0,0.0,-0.011560267217854766,0.0,0.0,0.0,-0.024502832178450534,0.0,0.0,0.0,0.0,0.0,0.0,0.0,0.0,-0.029215422570716847,0.0,0.0,0.0,-0.027851327330524818,0.0,0.0,0.0
0.0,0.0,0.0,0.0,0.0,0.0,0.0,-0.0171909198449444,0.0,0.0,0.0,0.0,0.0,0.0,0.0,0.0,0.0,0.0,0.0,0.0,0.0,0.0,0.0,0.0,0.0,-0.025999589003495083,0.0,0.0,0.0,0.0,0.0,0.0,0.0,0.0,0.0,0.0,0.0,-0.027394259863284826,0.0,-0.007593691154966914,-0.03586270200343985,0.0,0.0,0.0,0.0,0.0,0.0,0.0,0.0,0.0,-0.024219353275649644,0.0,-0.03677621370305601,0.0,0.0,0.0,0.0,0.0,-0.040566686764352135,-0.01896029397581624,0.0,0.0,0.0,0.0,0.0,0.0,0.0,0.0,0.0,0.0,0.0,0.0,0.0,0.0,0.0,0.0,0.0,0.0,0.0,0.0,0.0,0.0,0.0,-0.01733893974238277,0.0,0.0,0.0,0.0,0.0,0.0
0.0,0.0,-0.06428021348585927,0.0,0.0,0.0,-0.03337608265043053,0.0,-0.018735908511120475,0.0,0.0,0.0,0.0,0.0,0.0,0.0,-0.03263915362108229,0.0,0.0,0.0,0.0,0.0,0.0,0.0,0.0,0.0,0.0,0.0,-0.03282229602352697,0.0,-0.015313307460236788,0.0,0.0,-0.010258670849601265,0.0,0.0,0.0,0.0,0.0,0.0,0.0,0.0,0.0,0.0,0.0,0.0,0.0,0.0,0.0,0.0,0.0,0.0,0.0,0.0,0.0,0.0,0.0,0.0,0.0,0.0,0.0,-0.0032961311002861734,0.0,0.0,0.0,-0.004495769023380203,0.0,0.0,0.0,0.0,0.0,0.0,0.0,0.0,0.0,0.0,0.0,0.0,0.0,-0.02905438103383138,0.0,0.0,0.0,0.0,0.0,0.0,0.0,0.0,0.0,0.0
0.0,0.0,0.0,0.0,0.0,0.0,0.0,0.0,0.0,0.0,0.0,0.0,0.0,0.0,0.0,0.0,0.0,0.0,0.0,0.0,0.0,0.0,0.0,0.0,0.0,-0.031031903515058887,0.0,0.0,0.0,0.0,-0.02341082788384015,0.0,0.0,0.0,-0.014232973666729286,0.0,0.0,0.0,0.0,0.0,0.0,0.0,0.0023851215285741853,0.0,0.0,-0.01094658278965289,0.0,0.0,0.0,0.0,0.0,0.0,0.0,0.0,0.0,-0.014755872634073325,0.0,0.0,0.0,-0.014547841786605065,0.0,0.0,0.0,0.0,0.0,0.0,0.0,0.0,0.0,0.0,0.0,0.0,0.0,0.0,0.0,0.0,0.0,0.0,0.0,0.0,0.0,0.0,0.0,-0.035778363329960476,-0.048374663401428625,0.0,0.0,-0.025694984026879173,0.0,0.0
0.0,-0.011170360429599957,-0.03380661048130718,0.0,-0.03596939644271527,0.0,-0.026907513781646915,0.0,-0.03700465713990167,0.0,-0.0380086913537351,0.0,0.0,0.0,0.0,0.0,0.0,0.0,0.0,0.0,-0.011927593470367846,0.0,0.0,0.0,0.0,0.0,0.0,0.0,0.0,0.0,0.0,0.0,0.0,0.0,0.0,0.0,0.0,0.0,0.0,0.0,0.0,-0.026346606856300282,0.0,0.0,0.0,0.0,0.0,0.0,0.0,0.0,0.0,0.0,0.0,0.0,0.0,0.0,0.0,0.0,0.0,0.0,0.0,0.0,0.0,0.0,0.0,0.0,0.0,0.0,0.0,0.0,0.0,0.0,0.0,0.0,0.0,0.0,0.0,-0.01368743183494208,0.0,0.0,0.0,0.0,0.0,0.0,0.0,0.0,0.0,0.0,-0.01761422263974008,0.0
0.0,0.0,-0.038819174768925525,0.0,0.0,0.0,0.0,0.0,-0.0271673879520673,0.0,0.0,0.0,-0.017078814520700175,-0.013413183165568155,0.0,0.0,0.0,0.0,0.0,0.0,0.0,0.0,-0.02491110552574655,0.0,0.0,0.0,0.0,0.0,0.0,-0.02819876148240876,0.0,0.0,0.0,0.0,0.0,0.0,0.0,-0.024930520484409333,0.0,0.0,0.0,0.0,0.0,-0.023946794339622362,0.0,0.0,0.0,0.0,0.0,0.0,0.0,0.0,0.0,0.0,0.0,0.0,0.0,0.0,-0.02708944009237412,0.0,0.0,0.0,0.0,0.0,0.0,0.0,0.0,0.0,0.0,0.0,0.0,-0.025516019201839133,0.0,0.0,0.0,0.0,0.0,0.0,0.0,0.0,0.0,0.0,0.0,0.0,0.0,0.0,0.0,0.0,0.0,0.0
0.0,0.0,0.0,0.0,0.0,0.0,0.0,0.0,0.0,0.0,0.0,0.03090335939706891,0.0,0.0,0.0,0.0,0.0,0.0,0.0,0.0,0.0,0.0,0.0,0.0,0.0,0.0,0.0,0.07485765383068624,0.0,0.0,0.0,0.029388372404984528,0.0,0.0,0.0,0.0,0.0,0.0,0.0,0.0,0.0,0.0,0.10157393390442271,0.0,0.0,0.0,0.0,0.0,0.07296080783452719,0.0,0.0,0.0,0.07576199038793961,0.0,0.0,0.0,0.0,0.0,0.0,0.0,0.0,0.0,0.0,0.0,0.0,0.0,0.0,0.0,0.0,0.06074016737182263,0.0,0.0692516886046272,0.0,0.0,0.0,0.0,0.0,0.0492057530818715,0.0,0.0,0.0,0.0,0.0,0.0,0.0,0.0,0.0,0.09321300253012516,0.0,0.0
0.0,0.0,-0.033785029873428275,0.0,-0.037666328198622104,-0.004776409675584269,-0.028506467929012583,0.0,-0.03194782906240186,0.0,0.0,-0.02022654269063483,0.0,0.0,0.0,0.0,0.0,0.0,0.0,0.0,0.0,0.0,0.0,0.0,0.0,0.0,0.0,0.0,0.0,0.0,0.0,0.0,0.0,0.0,0.0,0.0,0.0,0.0,0.0,0.0,0.0,0.0,0.0,0.0,0.0,0.0,0.0,0.0,0.0,0.0,-0.02124225612535614,0.0,0.0,0.0,0.0,0.0,0.0,0.0,0.0,0.0,0.0,0.0,0.0,0.0,0.0,0.0,0.0,0.0,0.0,0.0,0.0,0.0,0.0,0.0,0.0,-0.022210308234494373,0.0,0.0,0.0,0.0,0.0,0.0,0.0,0.0,0.0,0.0,-0.02645698266644802,-0.012650766505852146,0.0,0.0
0.0,0.0,0.0,0.0,0.0,0.0,0.0,0.0,0.0,0.0,0.0,0.0,0.0,0.0,0.0,0.0,0.0,0.030231518924927474,0.0,0.0,0.0,0.0,0.0,0.0,0.0,0.0,0.0,0.0,0.0,0.024196632187419964,0.0,0.03659303509622069,0.0,0.08871401023623841,0.0,0.0,0.0,0.0,0.0,0.0,0.0,0.0,0.0,0.0,0.0,0.17986665474253377,0.0,0.028088432911173935,0.0,0.0,0.0,0.06484416981573317,0.0,0.0,0.0,0.0,0.0,0.0,0.0,0.0,0.0,0.0,0.0,0.0,0.0,0.0,0.0,0.0,0.0,0.03544802211153609,0.0,0.018406504394251184,0.008434428415587494,0.0,0.0,0.0,0.0,0.0,0.0,0.0,0.0,0.0,0.0,0.0,0.0,0.0,0.0,0.0,0.0,0.0
0.0,0.0,0.0,0.0,-0.026880279442336875,0.0,0.0,0.0,0.0,0.0,0.0,0.0,0.0,0.0,0.0,0.0,-0.0237110518370212,0.0,0.0,0.0,0.0,0.0,0.0,0.0,0.0,0.0,0.0,0.0,0.0,0.0,0.0,-0.012205735084298631,-0.04784196651129836,0.0,0.0,0.0,0.006784831155511598,0.0,0.0,0.0,-0.04522609763548433,0.0,0.0,0.0,0.0,0.0,0.0,0.0,0.0,0.07521727068067122,0.0,0.0,0.0,0.0,0.0,0.0,0.0,0.0,0.0,0.0,0.0,0.0,0.0,0.0,0.0,0.0,0.0,-0.013082914767431092,0.0,0.0,0.0,0.0,0.0,0.0,0.0,0.0,-0.046807283645558626,0.0,0.0,0.0,-0.017295335288154134,0.0,0.0,0.0,0.0,0.0,0.0,0.0,0.0,0.0
0.0,0.0,0.0,0.0,0.0,0.0,0.0,0.17292886958359044,0.0,0.0,0.0,0.0,0.0,0.0,0.0,0.0,0.0,0.0,0.0,0.0,0.0,0.01953646387502392,0.0,0.0,0.0,0.0,0.0,0.0,0.0,0.0923242428496458,0.0,0.0,0.0,0.0,0.0,0.02295132920617011,0.0,0.005549380725031102,0.0,0.0,0.0,0.0,0.0,0.0,0.0,0.06287432731349626,0.0,0.0,0.0,0.0,0.0,0.0,0.0,0.0,0.0,0.0,0.0,0.0,0.0,0.0,0.0,0.08409482053361095,0.0,0.0,0.0,0.1104599952820039,0.0,0.0,0.0,0.0,0.0,0.0,0.0,0.0,0.0,0.0,0.0,0.0,0.0,0.0,0.0,0.0,0.07321275996394891,0.0854154801178092,0.0,0.0,0.0,0.0,0.0,0.0
0.0,0.0,0.0,0.0,0.08261787267476328,0.0,0.0,0.0,0.0,0.0,0.0,0.0,0.0,0.0,0.0,0.021355666684056574,0.04082330085501584,0.0,0.0,0.0,0.0,0.0,0.0,0.0,0.0,0.0,0.08251836083513268,0.0,0.0,0.12965255353047206,0.0,0.0,0.0,0.0,0.0,0.035735854992477424,0.0,0.0,0.0,0.0,0.0,0.0,0.0,0.0,0.0,0.0,0.0,0.0,0.0,0.0,0.0,0.0,0.0794382110802584,0.0,0.0,0.0,0.0,0.0,0.0,0.0,0.0,0.0,0.0,0.0,0.0,0.0,0.0,0.0,0.0,0.02105317934357454,0.0,0.0,0.0,0.0,0.0,0.0,0.0,0.0,0.0,0.0,0.0,0.03477782341277551,0.0,0.0,0.0,0.0,0.0,0.0,0.11538940240936488,0.0
0.0,0.0,0.0,0.0,0.0,0.0,0.0,0.0,0.0,0.03441524438822664,0.0,0.0,0.0,0.0,0.0,0.0,0.0,0.0,0.0,0.0,0.0,0.0,0.0,0.05770908015554001,0.0,0.0,0.0,0.0,0.0,0.0,0.0,0.0,0.0,0.0,0.0,0.0,0.0,0.04675966668291779,0.0,0.0,0.0,0.0,0.0,0.0,0.0,0.0,0.0,0.0,0.0,0.0,0.0,0.08601809682524936,0.08978303667094187,0.0,0.0,0.0,0.0,0.0,0.0,0.0,0.0,0.025582152637253535,0.01519509276722283,0.0,0.0,0.0,0.0,0.0,0.0,0.0,0.0,0.0,0.0,0.0,0.06398582789549057,0.07517852301512998,0.0,0.0,0.0,0.0,0.0,0.0,0.0,0.06737972184520225,0.0,0.0,0.0,0.0,0.0,0.0
0.0,0.0,0.0,0.0,0.0,0.0,0.0,0.0,0.0,0.0,0.0,0.0,0.0,0.0,0.0,0.0,0.0,0.0,0.0,-0.010214712241592538,0.0,0.0,0.0,0.0,-0.009327316197933859,0.0,-0.019292132177364228,0.0,0.0,0.0,0.0,0.0,0.0,0.0,0.0,0.0,0.0,0.0,0.0,0.0,0.0,0.0,0.0,0.0,0.0,0.0,0.0,0.0,0.0,0.0,-0.041978472943262526,0.0,0.0,0.0,-0.01843684445225985,0.0,0.0,0.0,0.0,0.0,0.0,0.0,0.0,0.0,0.0,0.0,0.0,-0.02207962665793046,0.0,0.0,0.0,0.0,0.0,0.0,0.0,0.0,0.0,0.0,-0.025862445636484384,0.0,-0.022616100072265794,0.0,0.0,0.0,0.0,-0.04079956870354699,0.0,0.0,-0.013232763467039714,0.0
0.0,0.0,0.0,0.0,0.0,0.030032423722302824,0.02270463025457217,0.0,0.06115208674365327,0.0,0.0,0.0,0.0,0.0,0.04729952395270612,0.0,0.0,0.0,0.0,0.0,0.0,0.0,0.0,0.0,0.0,0.13019425529638923,0.0,0.0,0.0,0.0,0.0,0.0,0.0,0.019799385582132345,0.0,0.0,0.0,0.0,0.0,0.0,0.04456921734991723,0.0,0.0,0.0,0.0,0.0,0.0,0.1329047232839368,0.0,0.0,0.0,0.0,0.0,0.0,0.0,0.0,0.0,0.0,0.0,0.0,0.0,0.0,0.0,0.0,0.0,0.0,0.07152983667066094,0.0,0.0,0.0,0.0,0.0,0.0,0.0,0.0,0.0,0.0,0.0,0.0,0.0,0.022976191543449567,0.0,0.0,0.0,0.0,0.0,0.0,0.0,0.0,0.0
0.0,0.0,0.0,0.0,0.0,0.0,0.0,-0.038035254112120144,0.0,0.0,0.0,0.0,0.0,0.0,0.0,0.0,0.0,0.0,0.0,0.0,0.0,0.0,0.0,0.0,0.0,0.0,0.0,0.0,0.0,0.0,0.0,0.0,0.0,0.0,0.0,0.0,0.0,-0.028125760334406696,0.0,0.0,0.0,0.0,0.0,0.0,0.0,-0.03332987291259041,0.0,-0.010141191525473405,0.0,0.0,-0.02663050829805851,0.0,0.0,0.0,0.0,0.0,0.0,0.0,-0.027935549441477803,0.0,0.0,0.0,0.0,0.0,0.0,0.0,0.0,0.0,-0.012545142508248574,0.0,0.0,0.0,0.0,0.0,0.0,0.0,0.0,-0.02499270813524196,0.0,0.0,0.0,0.0,0.0,-0.017711031942187358,0.0,0.0,-0.028253568413002816,0.0,0.0,0.0
0.0,0.0,-0.022574249193767194,0.0,0.0,0.0,-0.018278089668601148,0.0,0.0,0.0,0.0,0.0,-0.02785665302594525,0.0,0.0,0.0,0.0,0.0,-0.03640049898966277,0.0,0.0,0.0,0.0,0.0,0.0,0.0,0.0,0.0,0.0,0.0,0.0,-0.027907724358572274,0.0,0.0,0.0,0.0,0.0,0.0,0.0,0.0,0.0,0.0,0.0,0.0,0.0,0.0,0.0,0.0,0.0,0.0,0.0,0.0,-0.03548136316879093,0.0,0.0,0.0,0.0,0.0,-0.008181363531441065,0.0,0.0,-0.00754108356086928,0.0,0.0,0.0,0.0,0.0,0.0,0.0,0.0,0.0,0.0,0.0,0.0,0.0,0.0,-0.015827582950959096,0.0,0.0,0.0,0.0,0.0,0.0,0.0,0.0,0.0,0.0,0.0,-0.010350352469645534,0.0
0.0,0.0,-0.012783638620342583,0.0,-0.03332416994027368,0.0,0.0,0.0,0.0,0.0,0.0,0.0,0.0,0.0,0.0,0.0,0.0,0.0,0.0,0.0,0.0,0.0,0.0,-0.03070142281791531,0.0,0.0,0.0,0.0,0.0,0.0,0.0,0.0,0.0,-0.03198292218596224,0.0,0.0,0.0,-0.018541484197968475,0.0,0.0,0.0,0.0,0.0,0.0,0.0,0.0,-0.025811505092148537,0.0,0.0,-0.05715992861001883,0.0,0.0,0.0,0.0,-0.026923088673027798,0.0,0.0,0.0,0.0,0.0,0.0,0.0,0.0,-0.01887426687744967,0.0,0.0,0.0,0.0,0.0,0.0,0.0,0.0,0.0,0.0,0.0,0.0,0.0,0.010513724061912758,0.0,0.0,0.0,0.0,0.0,0.0,0.0,0.0,0.0,0.0,0.0,0.0
0.0,0.0,0.0,0.0,-0.03934943467101267,0.0,0.0,0.0,-0.04534289354117084,0.0,0.0,0.0,0.0,0.0,-0.010488834727013466,-0.014758669489107019,0.0,0.0,0.0,0.0,0.0,-0.030276433704518307,0.0,0.0,0.0,0.0,0.0,0.0,0.0,0.0,0.0,0.0,0.0,0.0,0.0,0.0,0.0,-0.016735272943538274,0.0,0.0,0.0,0.0,0.0,0.0,0.0,0.0,0.0,0.0,0.0,0.0,0.0,0.0,0.0,0.0,0.0,-0.009939641901332593,0.0,0.0,0.0,0.0,0.0,0.0,0.0,0.0,0.0,0.0,0.0,0.0,-0.014829047909888649,0.0,0.0,0.0,0.0,0.0,0.0,0.0,0.0,0.0,0.0,0.0,-0.025877242463737262,0.0,0.0,0.0,-0.03170138563926804,0.0,0.0,0.0,0.0,0.0
0.0,0.059424691968927,0.0,0.0,0.0,0.0,0.0,0.0,0.0,0.0,0.0,0.0,0.0,0.0,0.19669658243680144,0.0,0.1082032732100711,0.0,0.0,0.0,0.0,0.0,0.0,0.0,0.0,0.0,0.0,0.0,0.0,0.0,0.0,0.0,0.0,0.0,0.0155871575229998,0.0,0.0,0.0,0.0,0.0,0.0,0.0,0.0,0.0,0.0,0.0,0.0,0.07149513543872951,0.0,0.0,0.0,0.0,0.0,0.014983053669914878,0.0,0.042783212464839536,0.0,0.0,0.0,0.0,0.0,0.0,0.0,0.0,0.0,0.0,0.0,0.057740201527397006,0.0,0.0,0.0,0.0,0.0,0.0,0.0,0.0,0.0,0.0,0.0,0.0,0.0,0.0,0.055318046436356585,0.0,0.08051145106942255,0.0,0.0,0.0,0.0,0.0
0.0,0.0,-0.025095644283113814,0.0,0.0,0.0,0.0,0.0,-0.05135473021553518,0.0,0.0,0.0,0.0,0.0,0.0,0.0,0.0,0.0,0.0,0.0,0.0,0.0,0.0,0.0,0.0,0.0,0.0,0.0010804871508568307,0.0,0.0,0.0,0.0,0.0,0.0,0.0,-0.03877996304314067,-0.019677468415171116,0.0,0.0,0.0,0.0,0.0,0.0,0.0,0.0,0.0,-0.028629909992695116,0.0,0.0,-0.012464608096167562,0.0,0.0,0.0,0.0,0.0,0.0,0.0,0.0,0.0,0.0,0.0,0.0,0.0,0.0,0.0,0.0,0.0,0.0,0.0,0.0,0.0,0.0,0.0,-0.018546698083313863,0.0,0.0,0.0,0.0,0.0,0.0,0.0,0.0,0.0,-0.030266900758138066,0.0,0.0,-0.004908185330731365,0.0,0.0,0.0
0.0,0.0,-0.04898485954233299,0.0,-0.04547703214443329,0.0,0.0,0.0,0.0,-0.012788710245742713,0.0,0.0,0.0,0.0,0.0,0.0,0.0,0.0,0.0,0.0,0.0,0.0,0.0,0.0,0.0,0.0,0.0,0.0,0.0,0.0,0.0,0.0,0.0,0.0,0.0,0.0,0.0,0.0,0.0,0.0,0.0,0.0,0.0,0.0,0.0,0.0,0.0,0.0,0.0,0.0,0.0,0.0,0.0,0.0,0.0,-0.0006409280820167965,0.0,0.0,-0.023176342707849375,0.0,0.0,0.0,0.0,0.0,0.0,0.0,-0.010928396683201136,0.0,-0.017624246576298817,0.0,0.0,0.0,0.0,0.0,-0.01815493810883848,-0.03466426224691268,0.0,0.0,-0.0026683328876945652,0.0,0.0,0.0,0.0,0.0,0.0,0.0,0.0,0.0,0.0,0.0
0.0,0.0,0.0,0.0,0.0,0.02560731640188981,0.0,0.0,0.0,0.0,0.0,0.0,0.0,0.0,0.0,0.0,0.0,0.0,0.0,0.0,0.0,0.0,0.038841871536618,0.0,-0.05661893532616947,0.0,-0.07116134199699246,0.0,0.0,0.0,0.0,0.0,-0.07250032107187956,0.0,0.0,0.0,0.0,0.0,0.0,0.0,-0.03904729154331148,-0.015236509916329324,0.0,0.0,0.0,0.0,0.0,0.0,0.0,0.0,0.0,0.0,0.0,0.0,0.0,0.0,0.0,0.0,0.0,0.0,0.0,0.0,0.0,0.0,0.0,0.0,0.0,0.0,0.0,0.056652452753456775,0.0,0.0,0.0,0.0,0.0,0.0,0.0,0.027638850656269476,0.0,0.0,0.0,0.0,0.0,0.04867456137930886,0.0,0.0,0.0,0.0,0.0,0.0
0.0,0.0,0.0,0.0,0.0,0.03798851688842972,0.0,0.0,0.0,0.0,0.0,0.02059282885055025,0.0,0.0,0.0,0.0,0.13955341729916426,0.0,0.0,0.0,0.0,0.0,0.0,0.024171053824003745,0.0,0.0,0.0,0.0,0.0,0.0,0.0,0.0,0.0,0.0,0.08848979530903925,0.0,0.0,0.0,0.0,0.0,0.0,0.0,0.0,0.0,0.0,0.0,0.0,0.0,0.0,0.0,0.0,0.0,0.0,0.0,0.0,0.0,0.0,0.0,0.0,0.0,0.0,0.0,0.0,0.0,0.0,0.0,0.0,0.0,0.0,0.0,0.0,0.0,0.02350063639957416,0.0,0.0,0.050881001002002775,0.0,0.0,0.0,0.0,0.0,0.0,0.05305014857485485,0.08944348405873735,0.0,0.0,0.0,0.0,0.0,0.024526248350958197
0.0,-0.02950511566065183,0.0,0.0,0.0,0.0,0.0,0.0,0.0,0.0,0.0,0.0,0.0,0.0,0.0,0.0,0.0,0.0,0.0,0.0,0.0,0.0,0.0,0.0,0.0,0.0,0.0,0.0,0.0,0.0,0.0,0.0,0.0,0.0,0.0,-0.0012257342120399277,0.0,0.0,0.0,0.0,0.0,-0.01316251818492389,0.0,0.0,0.0,0.0,0.0,0.0,0.0,-0.02987183065925262,0.0,-0.02520754916100454,-0.053725813419088456,0.0,-0.010396045619130564,0.0,0.0,0.0,0.0,0.0,0.0,0.0,0.0,0.0,0.0,0.0,0.0,0.0,0.0,0.0,0.0,-0.03350546828378799,-0.017508702670078355,0.0,0.0,0.0,0.0,0.0,0.0,0.0,0.0,0.0,0.0,0.0,0.0,0.0,0.0,0.0,-0.021765009007692442,0.0
0.0,0.0,0.039716961241769176,0.0,0.0,0.0459275222262721,0.04247196218778588,0.0,0.0,0.0,0.0,0.0,0.0,0.0,0.0,0.0,0.18714133273627082,0.0,0.0,0.0,0.0,0.0,0.0,0.0,0.017774895997328077,0.0,0.0,0.0,0.0,0.0,0.0,0.0,0.0,0.0,0.0,0.0,0.0,0.0,0.0,0.0,0.0,0.0,0.0,0.0,0.0,0.0,0.0,0.0,0.0,0.0,0.030833093972000722,0.045296379086585604,0.0,0.0,0.0,0.0,0.0,0.0,0.0,0.0,0.0,0.0,-0.11843841477218237,0.0,0.0,0.0,0.0,0.0,0.0,0.0,0.0,0.0,0.0341601652980203,0.0,0.0,0.0,0.0,0.0,0.0,0.0,0.0,0.0,0.0,0.0,0.0,0.0,0.0,0.0,-0.06205528314076785,0.0
0.0,0.0,-0.06336370382882052,0.0,-0.026359117683742467,0.0,-0.04033555999035329,-0.020716669327426666,0.0,0.0,0.0,-0.017454705386381032,0.0,0.0,0.0,0.0,0.0,0.0,0.0,0.0,0.0,0.0,0.0,0.0,0.0,0.0,-0.019201611311651295,0.0,0.0,0.0,0.0,0.0,0.0,0.0,0.0,0.0,0.0,0.0,0.0,0.0,0.0,0.0,0.0,-0.006875111996853377,0.0,0.0,0.0,0.0,0.0,0.0,0.0,-0.03540965598274,0.0,0.0,0.0,0.0,0.0,0.0,0.0,0.0,0.0,0.0,0.0,0.0,0.0,0.0,0.0,0.0,0.0,0.0,0.0,0.0,0.0,0.0,0.0,0.0,0.0,0.0,0.0,0.0,0.0,0.0,0.0,0.0,0.0,-0.019482017533902624,-0.0026008930401510994,0.0,0.0,0.0
0.0,0.0,-0.030312743546966635,-0.027395360055638706,0.0,0.0,0.0,0.0,0.0,0.0,0.0,0.0,-0.009356823095738587,0.0,0.0,0.0,0.0,0.0,0.0,0.0,0.0,0.0,0.0,0.0,-0.032169695456537487,0.0,0.0,0.0,0.0,0.0,0.0,0.0,0.0,0.0,0.0,-0.002956442682562713,0.0,-0.05354740585352279,0.0,0.0,0.0,0.0,0.0,-0.016203851706546285,0.0,0.0,0.0,0.0,0.0,0.0,0.0,0.0,-0.008836150569246986,0.0,0.0,0.0,0.0,0.0,0.0,0.0,0.0,0.0,0.0,0.0,0.0,0.0,0.0,0.0,0.0,0.0,0.0,0.0,0.0,0.0,0.0,0.0,0.0,0.0,0.0,0.0,0.0,0.0,-0.037134500223153,-0.030000111557444396,0.0,0.0,0.0,0.0,0.0,0.0
0.0,0.0,0.0,0.0,0.0,0.0,0.0,0.0,-0.02155074585585955,0.0,0.0,0.0,0.0,0.0,0.0,0.0,0.0,0.0,0.0,0.0,0.0,0.0,0.0,0.0,0.0,0.0,0.0,0.0,0.0,0.0,0.0,0.0,0.0,0.0,0.0,-0.02965174807015955,0.0,0.0,0.0,0.0,0.0,0.0,0.0,0.0,0.0,0.0,0.0,0.0,0.0,-0.017903840822442924,0.0,0.0,0.0,0.0,0.0,0.0,0.0,0.0,-0.014639169684999783,0.0,0.0,0.0,0.0,0.0,0.0,0.0,0.0,-0.025435015816511093,0.0,0.0,0.0,0.0,-0.025598086227270774,0.0,0.0,-0.0233173780458814,0.0,0.0,0.0,0.0,0.0,0.0,-0.03221753615353653,-0.047355903570518776,0.0,0.0,0.0,-0.00964609786018883,0.0,0.0
0.0,0.0,0.07573344191083653,0.0,0.0,0.0,0.0,0.0,0.056906171451946035,0.0,0.09554192883354216,0.0,0.0,0.0,0.0,0.0,0.0,0.0,0.0,0.0,0.0,0.0,0.0,0.0,0.0,-0.1803771206775904,0.0,0.0,0.0,-0.0986144674256289,0.03478973862805276,0.0,0.0,0.0,0.0,0.0,0.0,0.0,0.0,0.0,0.0,0.0,0.02693617617062738,0.0,0.0,0.0,0.0,0.0,0.0,0.03975565391180304,0.0,0.0,0.0,0.0,0.0,0.0,0.0,0.0,0.0,0.0,0.0,0.0,0.0,0.0,0.0,0.0,0.03220703996652149,0.0,0.0,0.0,0.0,0.0,0.0,0.0,0.0,0.0,0.014370147176954721,0.0,0.0,0.0,0.0,0.0,0.0,0.0,0.0,0.0,0.0,0.0,0.0,0.0
0.0,0.0,-0.09978368041451632,0.0,0.0,0.0,0.0,0.0,0.0,0.0,0.0,-0.035577753639866164,0.0,0.0,0.0,0.0,0.0,0.0,0.0,0.0,0.0,0.0,0.0,0.0,0.0,0.0,0.0,0.0,0.0,0.0,0.0,0.016265248499148687,0.0,0.0,0.0,0.01534238568610715,0.0,0.0,0.031048371791028172,0.0,0.0,0.0,0.0,0.0,0.0,0.0,0.0,0.0,0.0,0.04009071963212236,0.0,0.0,0.0,0.0,0.0,0.0,0.0,0.0,0.0,0.0,0.04754742747190805,0.0,0.0,0.0,0.0,0.0,-0.06684113782874247,0.0,0.0,0.0,0.02672394485399207,0.0,0.0,0.0,0.0,0.0,0.0,0.0,0.0,0.0,0.0,-0.03011219279502165,0.0,0.0,0.0,0.0,0.0,0.0,0.0,0.0
0.0,0.0,0.0,0.0,0.0,0.0,0.0,0.0,0.0,0.0,0.0,0.0,0.0,0.0,0.0,0.0,-0.01839269527526167,0.0,0.0,0.0,0.0,0.0,0.0,0.0,0.0,0.0,0.0,0.0,-0.02846579771423359,0.0,0.0,0.0,0.0,0.0,0.0,-0.015865426762193987,0.0,0.0,0.0,0.0,0.0,0.0,0.0,0.0,0.0,-0.016087402807835348,0.0,0.0,0.0,0.0,0.0,0.0,0.0,0.0,-0.018045655488391373,0.0,0.0,0.0,0.0,0.0,0.0,0.0,0.0,0.0,0.0,0.0,0.0,0.0,0.0,-0.0195517126417854,0.0,-0.017602068953286715,0.0,0.0,0.0,0.0,0.0,-0.01492262282831171,0.0,0.0,0.0,0.0,-0.011486590016294153,0.0,0.0,0.0,0.0,0.0,-0.06558792206140734,0.0
0.0,-0.015485556009314519,-0.03294558643524842,0.0,0.0,0.0,0.0,-0.05185677383359894,-0.02695300832406836,0.0,0.0,0.0,-0.015391547722125755,0.0,0.0,0.0,0.0,0.0,0.0,0.0,0.0,0.0,0.0,0.0,0.0,-0.02132321981038012,0.0,0.0,0.0,-0.0466959908558755,0.0,0.0,0.0,0.0,0.0,0.0,0.0,0.0,0.0,0.0,0.0,0.0,0.0,0.0,0.0,0.0,0.0,0.0,0.0,0.0,0.0,0.0,0.0,0.0,0.0,0.0,0.0,0.0,0.0,0.0,0.0,0.0,0.0,0.0,0.0,0.0,0.0,0.0,-0.004738501181554212,0.0,0.0,0.0,0.0,0.0,0.0,0.0,0.0,0.0,0.0,-0.023433144101319723,0.0,-0.008734574867734463,0.0,0.0,0.0,0.0,0.0,0.0,0.0,0.0
0.0,0.0,0.13144919120039447,0.025544340996905168,0.0,0.0,0.0,0.0,0.07190771158994179,0.0,0.0,0.0,0.0,0.0,0.0,0.014443766369310095,0.06141361441006663,0.0,0.0,0.0,0.0,0.0,0.040656559952865885,0.0,0.0,0.0,0.0,0.0,0.0,0.0,0.0,0.0,0.0,0.0,0.0,0.0,0.0,0.0,0.0,0.0,0.0,0.0,0.0,0.0,0.015706128365525315,0.0,0.0,0.0,0.0,0.0,0.0,0.0,-0.09029213190537713,0.0,-0.08905856249414215,0.0,0.0,0.0,0.0,0.0,0.0,0.0,0.0,0.0,0.0,-0.10145876135554219,0.0,0.0,0.0,0.0,0.0,0.0,0.0,0.0,0.0,0.0,0.0,0.0,0.0,0.0,0.0,0.0,0.0,0.0,0.0,0.0,0.0,0.0,0.0,0.0
